city,city_ascii,city_alt,lat,lng,country,iso2,iso3,admin_name,admin_name_ascii,admin_code,admin_type,capital,density,population,population_proper,ranking,timezone,same_name,id
Paljevo,Paljevo,,42.9717,20.6722,Kosovo,XK,XKS,Zubin Potok,Zubin Potok,XK-36,municipality,,19.2,,,4,Europe/Belgrade,FALSE,1901405514
Vakovce,Vakovce,Mahala Vakovse,42.6450,21.4114,Kosovo,XK,XKS,Prishtinë,Prishtine,XK-26,municipality,,497.5,,,3,Europe/Belgrade,FALSE,1901924436
Rudice,Rudice,Rudicë|Rudesh|Rudeshi|Rudica|Dudica,42.6808,20.4894,Kosovo,XK,XKS,Klinë,Kline,XK-14,municipality,,134.6,,,4,Europe/Belgrade,FALSE,1901584755
Koshutovë,Koshutove,Koshtovë|Koshtova|Košutovo,43.0086,20.8436,Kosovo,XK,XKS,Leposaviq,Leposaviq,XK-16,municipality,,23.6,,,4,Europe/Belgrade,FALSE,1901917995
Marince,Marince,,43.1147,21.0333,Kosovo,XK,XKS,Podujevë,Podujeve,XK-25,municipality,,144.3,,,4,Europe/Belgrade,FALSE,1901071232
Mernić Mahala,Mernic Mahala,,42.8009,21.0903,Kosovo,XK,XKS,Vushtrri,Vushtrri,XK-35,municipality,,235.1,,,3,Europe/Belgrade,FALSE,1901182860
Magura,Magura,Mahala Magura,42.6531,21.6097,Kosovo,XK,XKS,Kamenicë,Kamenice,XK-13,municipality,,76.3,,,4,Europe/Belgrade,FALSE,1901560724
Epr Mala,Epr Mala,,42.4514,20.9633,Kosovo,XK,XKS,Shtime,Shtime,XK-31,municipality,,248.3,,,3,Europe/Belgrade,FALSE,1901385289
Zym,Zym,Zjum,42.1144,20.6669,Kosovo,XK,XKS,Dragash,Dragash,XK-02,municipality,,75.2,,,4,Europe/Belgrade,FALSE,1901789365
Petrovë,Petrove,Petrovasellë|Petrovo Selo,42.2450,20.7361,Kosovo,XK,XKS,Prizren,Prizren,XK-27,municipality,,349.6,,,3,Europe/Belgrade,FALSE,1901983624
Zllatar,Zllatar,Zlatare,42.4003,21.2875,Kosovo,XK,XKS,Ferizaj,Ferizaj,XK-03,municipality,,387.4,,,3,Europe/Belgrade,FALSE,1901806279
Srednja Dobruša,Srednja Dobrusa,,42.7044,20.4458,Kosovo,XK,XKS,Istog,Istog,XK-10,municipality,,103.2,,,4,Europe/Belgrade,FALSE,1901378563
Vardište,Vardiste,,42.7342,20.3303,Kosovo,XK,XKS,Pejë,Peje,XK-24,municipality,,177.3,,,4,Europe/Belgrade,FALSE,1901888310
Dugaivë,Dugaive,Arat e Gjata|Dukajevë|Dagaive|Dugonjive|Dugaiva|Hartina|Duga Njiva|Duge Njive|Duganjive,42.7144,20.0797,Kosovo,XK,XKS,Pejë,Peje,XK-24,municipality,,177.3,,,4,Europe/Belgrade,FALSE,1901221887
Ćar Mahala,Car Mahala,,42.4231,20.9319,Kosovo,XK,XKS,Suharekë,Suhareke,XK-33,municipality,,205.7,,,3,Europe/Belgrade,FALSE,1901251319
Dubovik,Dubovik,Burrëmadh|Burrëmadhi|Duboviku|Dubovik,42.5736,20.3367,Kosovo,XK,XKS,Deçan,Decan,XK-01,municipality,,143.2,,,4,Europe/Belgrade,FALSE,1901793119
Radashec,Radashec,Radoševce|Radoshec|Radoševac,42.7289,21.2533,Kosovo,XK,XKS,Prishtinë,Prishtine,XK-26,municipality,,497.5,,,3,Europe/Belgrade,FALSE,1901787104
Bobovac,Bobovac,,42.4314,20.5594,Kosovo,XK,XKS,Rahovec,Rahovec,XK-28,municipality,,248.0,,,3,Europe/Belgrade,FALSE,1901277311
Brod,Brod,Brod,42.2628,21.1242,Kosovo,XK,XKS,Shtërpcë,Shterpce,XK-30,municipality,,29.1,,,4,Europe/Belgrade,FALSE,1901204782
Malenovci,Malenovci,,42.5769,21.3897,Kosovo,XK,XKS,Novobërdë,Novoberde,XK-21,municipality,,40.9,,,4,Europe/Belgrade,FALSE,1901419690
Varga Mahala,Varga Mahala,,42.6878,20.7719,Kosovo,XK,XKS,Skenderaj,Skenderaj,XK-32,municipality,,151.8,,,4,Europe/Belgrade,FALSE,1901086926
Marec,Marec,Marefc|Marevce,42.6681,21.3756,Kosovo,XK,XKS,Prishtinë,Prishtine,XK-26,municipality,,497.5,,,3,Europe/Belgrade,FALSE,1901646094
Brodanovići,Brodanovici,,42.9183,20.5975,Kosovo,XK,XKS,Zubin Potok,Zubin Potok,XK-36,municipality,,19.2,,,4,Europe/Belgrade,FALSE,1901336538
Sendojë,Sendoje,Sendë|Sendo,42.9364,20.8103,Kosovo,XK,XKS,Zveçan,Zvecan,XK-37,municipality,,56.6,,,4,Europe/Belgrade,FALSE,1901329439
Hulaj,Hulaj,Hulja|Huljaj,42.5358,20.2633,Kosovo,XK,XKS,Deçan,Decan,XK-01,municipality,,142.9,,,4,Europe/Belgrade,FALSE,1901949912
Zahaq,Zahaq,Zahać,42.6536,20.3853,Kosovo,XK,XKS,Pejë,Peje,XK-24,municipality,,177.3,,,4,Europe/Belgrade,FALSE,1901983679
Vilishtë,Vilishte,Vilište,42.9514,20.7817,Kosovo,XK,XKS,Zveçan,Zvecan,XK-37,municipality,,56.6,,,4,Europe/Belgrade,FALSE,1901769547
Hërticë,Hertice,Herticë|Herrtizë|Herrtiza|Hertica|Hrtica,42.8736,21.2936,Kosovo,XK,XKS,Podujevë,Podujeve,XK-25,municipality,,144.3,,,4,Europe/Belgrade,FALSE,1901380007
Kërstec,Kerstec,Kërstac|Kërsteç|Kristac|Kristaj|Krstac,42.0697,20.6022,Kosovo,XK,XKS,Dragash,Dragash,XK-02,municipality,,75.2,,,4,Europe/Belgrade,FALSE,1901014398
Donja Slatina,Donja Slatina,Sllatinë|Sllatinë e Poshtme|Slatina,42.3575,21.3047,Kosovo,XK,XKS,Viti,Viti,XK-34,municipality,,177.0,,,4,Europe/Belgrade,FALSE,1901625359
Zogići,Zogici,,42.5631,20.9156,Kosovo,XK,XKS,Gllogovc,Gllogovc,XK-07,municipality,,255.4,,,3,Europe/Belgrade,FALSE,1901013735
Spajević Mahala,Spajevic Mahala,,42.6644,21.2933,Kosovo,XK,XKS,Prishtinë,Prishtine,XK-26,municipality,,497.5,,,3,Europe/Belgrade,FALSE,1901733381
Rakinicë,Rakinice,Rakitnicë|Raketnica|Rakitnica,42.7333,20.7333,Kosovo,XK,XKS,Skenderaj,Skenderaj,XK-32,municipality,,151.8,,,4,Europe/Belgrade,FALSE,1901265704
Radovac,Radovac,Radac|Radavc|Radafc|Radovce|Radevce|Radevc|Burimi|Radafci|Radavac,42.7361,20.3222,Kosovo,XK,XKS,Pejë,Peje,XK-24,municipality,,177.3,,,4,Europe/Belgrade,FALSE,1901621986
Burllatë,Burllate,Burlate,42.9706,20.5978,Kosovo,XK,XKS,Zubin Potok,Zubin Potok,XK-36,municipality,,19.2,,,4,Europe/Belgrade,FALSE,1901464345
Dulovi,Dulovi,,42.2517,21.1781,Kosovo,XK,XKS,Kaçanik,Kacanik,XK-12,municipality,,164.5,,,4,Europe/Belgrade,FALSE,1901334714
Murselji,Murselji,,42.4539,21.3333,Kosovo,XK,XKS,Gjilan,Gjilan,XK-06,municipality,,254.5,,,3,Europe/Belgrade,FALSE,1901706748
Mali Krstac,Mali Krstac,,42.0728,20.6064,Kosovo,XK,XKS,Dragash,Dragash,XK-02,municipality,,75.2,,,4,Europe/Belgrade,FALSE,1901320110
Graište Mahala,Graiste Mahala,,42.4067,20.8786,Kosovo,XK,XKS,Suharekë,Suhareke,XK-33,municipality,,205.7,,,3,Europe/Belgrade,FALSE,1901121807
Ljimanavit Mahala,Ljimanavit Mahala,,42.3550,20.9314,Kosovo,XK,XKS,Suharekë,Suhareke,XK-33,municipality,,205.7,,,3,Europe/Belgrade,FALSE,1901261201
Lokme Mahala,Lokme Mahala,,42.3161,21.5008,Kosovo,XK,XKS,Viti,Viti,XK-34,municipality,,237.4,,,3,Europe/Belgrade,FALSE,1901726051
Inatoc,Inatoc,Inatofc|Inatofci|Imatovce|Inatovc|Inatovce,42.3869,21.5761,Kosovo,XK,XKS,Gjilan,Gjilan,XK-06,municipality,,254.5,,,3,Europe/Belgrade,FALSE,1901944643
Borica,Borica,,42.8525,21.1328,Kosovo,XK,XKS,Podujevë,Podujeve,XK-25,municipality,,144.3,,,4,Europe/Belgrade,FALSE,1901788258
Manishincë,Manishince,Manishinicë|Manjšince|Manishinc|Manishinca|Manišince,42.5683,21.4103,Kosovo,XK,XKS,Novobërdë,Novoberde,XK-21,municipality,,40.9,,,4,Europe/Belgrade,FALSE,1901806944
Beković Mahala,Bekovic Mahala,Mahalla e Bekoviqëve,42.7842,21.0933,Kosovo,XK,XKS,Obiliq,Obiliq,XK-22,municipality,,248.3,,,3,Europe/Belgrade,FALSE,1901802127
Savarin,Savarin,,42.3094,21.2736,Kosovo,XK,XKS,Viti,Viti,XK-34,municipality,,168.0,,,4,Europe/Belgrade,FALSE,1901850393
Mahala Obršina,Mahala Obrsina,,42.6767,21.5708,Kosovo,XK,XKS,Kamenicë,Kamenice,XK-13,municipality,,76.3,,,4,Europe/Belgrade,FALSE,1901858509
Kolloleq,Kolloleq,Kolloleç|Kolloleçi|Kolloleqi|Kololeč,42.5867,21.6406,Kosovo,XK,XKS,Kamenicë,Kamenice,XK-13,municipality,,76.3,,,4,Europe/Belgrade,FALSE,1901745810
Rikovë,Rikove,Rikovo|Rikova,43.1835,20.6371,Kosovo,XK,XKS,Leposaviq,Leposaviq,XK-16,municipality,,23.6,,,4,Europe/Belgrade,FALSE,1901476521
Mekiniç,Mekinic,Mekiniqe|Mekinić|Drenska|Mekiniće|Mekiniçi,43.1572,20.7784,Kosovo,XK,XKS,Leposaviq,Leposaviq,XK-16,municipality,,23.6,,,4,Europe/Belgrade,FALSE,1901538059
Bistrica,Bistrica,Bistricë e Shalës|Šaljska Bistrica,43.0150,20.8250,Kosovo,XK,XKS,Leposaviq,Leposaviq,XK-16,municipality,,23.6,,,4,Europe/Belgrade,FALSE,1901046581
Kovragë,Kovrage,Kovraçë|Krasniqaj|Donje Kovrage|Kovraga|Kovrage,42.7483,20.5042,Kosovo,XK,XKS,Istog,Istog,XK-10,municipality,,103.2,,,4,Europe/Belgrade,FALSE,1901566110
Karpuzi,Karpuzi,,42.4967,20.9233,Kosovo,XK,XKS,Lipjan,Lipjan,XK-17,municipality,,208.2,,,3,Europe/Belgrade,FALSE,1901046279
Zabeljce,Zabeljce,,42.5856,21.3958,Kosovo,XK,XKS,Novobërdë,Novoberde,XK-21,municipality,,40.9,,,4,Europe/Belgrade,FALSE,1901350501
Gaštica Mahala,Gastica Mahala,Lagja e Gastica,42.3233,21.5067,Kosovo,XK,XKS,Gjilan,Gjilan,XK-06,municipality,,254.5,,,3,Europe/Belgrade,FALSE,1901149764
Cucaj,Cucaj,Cucaja|Zucaj,42.5875,20.5939,Kosovo,XK,XKS,Klinë,Kline,XK-14,municipality,,155.8,,,4,Europe/Belgrade,FALSE,1901671239
Kuçicë,Kucice,Kućica,42.8078,20.7731,Kosovo,XK,XKS,Skenderaj,Skenderaj,XK-32,municipality,,151.8,,,4,Europe/Belgrade,FALSE,1901528063
Zenić Mahala,Zenic Mahala,,42.7736,21.0303,Kosovo,XK,XKS,Vushtrri,Vushtrri,XK-35,municipality,,235.1,,,3,Europe/Belgrade,FALSE,1901023241
Ram Osman,Ram Osman,,42.5892,20.2969,Kosovo,XK,XKS,Deçan,Decan,XK-01,municipality,,160.1,,,4,Europe/Belgrade,FALSE,1901130159
Gornja Mala,Gornja Mala,Gornje Mali,42.1728,20.9361,Kosovo,XK,XKS,Prizren,Prizren,XK-27,municipality,,349.6,,,3,Europe/Belgrade,FALSE,1901837234
Kolibinë,Kolibine,,43.0343,20.6857,Kosovo,XK,XKS,Zveçan,Zvecan,XK-37,municipality,,56.6,,,4,Europe/Belgrade,FALSE,1901999792
Gornja Ljuža,Gornja Ljuza,Luža|Ljuža,42.3125,21.2622,Kosovo,XK,XKS,Kaçanik,Kacanik,XK-12,municipality,,164.5,,,4,Europe/Belgrade,FALSE,1901791522
Rudaj,Rudaj,Rudn,42.5067,20.6111,Kosovo,XK,XKS,Malishevë,Malisheve,XK-18,municipality,,230.0,,,3,Europe/Belgrade,FALSE,1901450446
Murgullë,Murgulle,Murgulla,43.1043,21.0346,Kosovo,XK,XKS,Podujevë,Podujeve,XK-25,municipality,,144.3,,,4,Europe/Belgrade,FALSE,1901999798
Vukadinovići,Vukadinovici,Živodere|Zhivodere,43.1894,20.6464,Kosovo,XK,XKS,Leposaviq,Leposaviq,XK-16,municipality,,23.6,,,4,Europe/Belgrade,FALSE,1901565363
Šurlan,Surlan,,42.4694,20.7819,Kosovo,XK,XKS,Malishevë,Malisheve,XK-18,municipality,,230.0,,,3,Europe/Belgrade,FALSE,1901521608
Izbicë,Izbice,Isbiç|Izbic|Izbice|Izbica,42.7325,20.6600,Kosovo,XK,XKS,Skenderaj,Skenderaj,XK-32,municipality,,151.8,,,4,Europe/Belgrade,FALSE,1901141148
Srpski Babuš,Srpski Babus,Babushë i Sërbëve|Babush i Serbëve|Babuš Srpski,42.4486,21.1753,Kosovo,XK,XKS,Ferizaj,Ferizaj,XK-03,municipality,,387.4,,,3,Europe/Belgrade,FALSE,1901495438
Vrnica,Vrnica,Vërnicë|Vernicë|Vrmnica,42.7883,20.9678,Kosovo,XK,XKS,Vushtrri,Vushtrri,XK-35,municipality,,235.1,,,3,Europe/Belgrade,FALSE,1901054420
Koprani Mahala,Koprani Mahala,,42.7075,21.2728,Kosovo,XK,XKS,Prishtinë,Prishtine,XK-26,municipality,,497.5,,,3,Europe/Belgrade,FALSE,1901433858
Bičevac,Bicevac,Biqec|Biçec|Biqevc,42.2456,21.2144,Kosovo,XK,XKS,Kaçanik,Kacanik,XK-12,municipality,,164.5,,,4,Europe/Belgrade,FALSE,1901577667
Zebincë,Zebince,Zebnicë|Zebince|Zebinca,42.5606,21.4103,Kosovo,XK,XKS,Novobërdë,Novoberde,XK-21,municipality,,40.9,,,4,Europe/Belgrade,FALSE,1901584413
Pronaj Mahala,Pronaj Mahala,,42.7614,21.0513,Kosovo,XK,XKS,Vushtrri,Vushtrri,XK-35,municipality,,235.1,,,3,Europe/Belgrade,FALSE,1901745045
Firaja,Firaja,Firajë,42.2500,21.0983,Kosovo,XK,XKS,Shtërpcë,Shterpce,XK-30,municipality,,29.1,,,4,Europe/Belgrade,FALSE,1901163454
Kača,Kaca,Kaço,42.3444,21.2147,Kosovo,XK,XKS,Ferizaj,Ferizaj,XK-03,municipality,,387.4,,,3,Europe/Belgrade,FALSE,1901305764
Burojë,Buroje,Broç|Broćnja|Broćna,42.6917,20.6744,Kosovo,XK,XKS,Skenderaj,Skenderaj,XK-32,municipality,,151.8,,,4,Europe/Belgrade,FALSE,1901552628
Jelić,Jelic,,42.1836,20.5439,Kosovo,XK,XKS,Prizren,Prizren,XK-27,municipality,,349.6,,,3,Europe/Belgrade,FALSE,1901844233
Hade,Hade,Ade,42.6668,21.0330,Kosovo,XK,XKS,Obiliq,Obiliq,XK-22,municipality,,248.8,,,3,Europe/Belgrade,FALSE,1901422667
Ðevukaj,Devukaj,Kućište|Deinikaj,42.6919,20.0728,Kosovo,XK,XKS,Pejë,Peje,XK-24,municipality,,177.3,,,4,Europe/Belgrade,FALSE,1901319022
Donje Potočane,Donje Potocane,Potoçani i Ultë|Pataçan i Poshtëm|Potoqan|Potoqan i Ulët,42.3908,20.6050,Kosovo,XK,XKS,Rahovec,Rahovec,XK-28,municipality,,248.0,,,3,Europe/Belgrade,FALSE,1901861220
Dragobilje,Dragobilje,Dragobil|Dragobilë|Dragobilja|Dragobilj,42.4569,20.7267,Kosovo,XK,XKS,Malishevë,Malisheve,XK-18,municipality,,230.0,,,3,Europe/Belgrade,FALSE,1901925078
Duškaja Mahala,Duskaja Mahala,Dushkaja,42.2686,21.2428,Kosovo,XK,XKS,Kaçanik,Kacanik,XK-12,municipality,,164.5,,,4,Europe/Belgrade,FALSE,1901739185
Džamijska Mahala,Dzamijska Mahala,,42.5456,20.8328,Kosovo,XK,XKS,Gllogovc,Gllogovc,XK-07,municipality,,255.4,,,3,Europe/Belgrade,FALSE,1901712499
Rajnovac,Rajnovac,Rainovac|Rainoc,42.6131,21.3347,Kosovo,XK,XKS,Prishtinë,Prishtine,XK-26,municipality,,497.5,,,3,Europe/Belgrade,FALSE,1901982189
Šavar,Savar,,42.4900,20.3728,Kosovo,XK,XKS,Deçan,Decan,XK-01,municipality,,142.9,,,4,Europe/Belgrade,FALSE,1901679248
Krajni Del,Krajni Del,Krajnidoll|Krajnidel|Kranidel|Kranidell|Kranidelli|Temal|Krajindel|Krajnidel|Temali,42.6058,21.7064,Kosovo,XK,XKS,Kamenicë,Kamenice,XK-13,municipality,,76.3,,,4,Europe/Belgrade,FALSE,1901354804
Groblje Mahala,Groblje Mahala,,42.2950,21.1083,Kosovo,XK,XKS,Ferizaj,Ferizaj,XK-03,municipality,,378.4,,,3,Europe/Belgrade,FALSE,1901306543
Beriša-Mahala,Berisa-Mahala,Beriša-Mahala|Gornje Grebno,42.3228,21.1450,Kosovo,XK,XKS,Ferizaj,Ferizaj,XK-03,municipality,,387.4,,,3,Europe/Belgrade,FALSE,1901064431
Prelloc,Prelloc,Prellovc|Prelovce|Prelovac,42.7392,20.8903,Kosovo,XK,XKS,Skenderaj,Skenderaj,XK-32,municipality,,165.1,,,4,Europe/Belgrade,FALSE,1901664251
Markovac,Markovac,Markofc|Markava,42.5014,21.3764,Kosovo,XK,XKS,Gjilan,Gjilan,XK-06,municipality,,254.5,,,3,Europe/Belgrade,FALSE,1901139826
Pljakići,Pljakici,,42.5364,20.8944,Kosovo,XK,XKS,Gllogovc,Gllogovc,XK-07,municipality,,255.4,,,3,Europe/Belgrade,FALSE,1901558043
Vilanc,Vilanc,Viqancë|Vilancë|Vllanicë|Viljance|Vićance|Viljancë,42.7964,21.0293,Kosovo,XK,XKS,Vushtrri,Vushtrri,XK-35,municipality,,235.1,,,3,Europe/Belgrade,FALSE,1901148332
Dejnë,Dejne,Damjan|Dajane|Damjane|Danjane,42.4275,20.5356,Kosovo,XK,XKS,Rahovec,Rahovec,XK-28,municipality,,248.0,,,3,Europe/Belgrade,FALSE,1901794090
Bivolak,Bivolak,Bivoljak,42.7146,21.0082,Kosovo,XK,XKS,Vushtrri,Vushtrri,XK-35,municipality,,235.1,,,3,Europe/Belgrade,FALSE,1901790596
Ukork Mahala,Ukork Mahala,,42.2875,21.5069,Kosovo,XK,XKS,Viti,Viti,XK-34,municipality,,180.7,,,4,Europe/Belgrade,FALSE,1901079407
Shtedim,Shtedim,Štedim|Gjake|Gjakja|Štedin|Shtedimi,42.9070,21.2178,Kosovo,XK,XKS,Podujevë,Podujeve,XK-25,municipality,,144.3,,,4,Europe/Belgrade,FALSE,1901993613
Gllavicë,Gllavice,Glavica,42.4894,21.1992,Kosovo,XK,XKS,Lipjan,Lipjan,XK-17,municipality,,208.2,,,3,Europe/Belgrade,FALSE,1901364316
Gllavicë,Gllavice,Gllavica,43.1441,20.8601,Kosovo,XK,XKS,Leposaviq,Leposaviq,XK-16,municipality,,23.6,,,4,Europe/Belgrade,FALSE,1901999766
Ukovići,Ukovici,Ukoviq,42.9845,21.2144,Kosovo,XK,XKS,Podujevë,Podujeve,XK-25,municipality,,144.3,,,4,Europe/Belgrade,FALSE,1901513861
Rahovicë,Rahovice,Rahavicë|Rahovica,42.4231,21.2367,Kosovo,XK,XKS,Ferizaj,Ferizaj,XK-03,municipality,,387.4,,,3,Europe/Belgrade,FALSE,1901137319
Nedakoc,Nedakoc,Nadakovc|Nerakovce|Nedakovac,42.7939,21.0015,Kosovo,XK,XKS,Vushtrri,Vushtrri,XK-35,municipality,,235.1,,,3,Europe/Belgrade,FALSE,1901680450
Mahala Vranjević,Mahala Vranjevic,,42.6519,21.4478,Kosovo,XK,XKS,Prishtinë,Prishtine,XK-26,municipality,,497.5,,,3,Europe/Belgrade,FALSE,1901574713
Zakuka,Zakuka,,42.8355,21.2625,Kosovo,XK,XKS,Podujevë,Podujeve,XK-25,municipality,,144.3,,,4,Europe/Belgrade,FALSE,1901967263
Kodralija,Kodralija,,42.9615,21.0805,Kosovo,XK,XKS,,,,,,257.6,,,3,Europe/Belgrade,FALSE,1901878611
Vranište,Vraniste,Uranishtë|Vranishta|Vranisht|Vranishti|Vraniq|Vranishtë,42.0439,20.6300,Kosovo,XK,XKS,Dragash,Dragash,XK-02,municipality,,75.2,,,4,Europe/Belgrade,FALSE,1901340246
Pejčići,Pejcici,,42.1769,20.8517,Kosovo,XK,XKS,Prizren,Prizren,XK-27,municipality,,349.6,,,3,Europe/Belgrade,FALSE,1901831159
Lagjia Jago,Lagjia Jago,,43.0503,20.9653,Kosovo,XK,XKS,Leposaviq,Leposaviq,XK-16,municipality,,23.6,,,4,Europe/Belgrade,FALSE,1901999805
Gradište,Gradiste,,42.1961,20.6525,Kosovo,XK,XKS,Prizren,Prizren,XK-27,municipality,,349.6,,,3,Europe/Belgrade,FALSE,1901938873
Lagjia Senokos,Lagjia Senokos,,43.0919,20.8559,Kosovo,XK,XKS,Leposaviq,Leposaviq,XK-16,municipality,,23.6,,,4,Europe/Belgrade,FALSE,1901999796
Vërnakollë,Vernakolle,Vërnavokollë|Vërnakolla|Vrnavo Kolo|Vrnaokolo|Vrnovo Kolo|Vrnavokolo,42.3047,21.4708,Kosovo,XK,XKS,Viti,Viti,XK-34,municipality,,177.0,,,4,Europe/Belgrade,FALSE,1901267875
Donja Mahala,Donja Mahala,Mahalla e Ulët,42.9087,20.9997,Kosovo,XK,XKS,Vushtrri,Vushtrri,XK-35,municipality,,235.1,,,3,Europe/Belgrade,FALSE,1901662029
Zavad,Zavad,Zavada|Zavadi,43.1692,20.6524,Kosovo,XK,XKS,Leposaviq,Leposaviq,XK-16,municipality,,23.6,,,4,Europe/Belgrade,FALSE,1901481006
Karameti,Karameti,,42.4925,20.9258,Kosovo,XK,XKS,Lipjan,Lipjan,XK-17,municipality,,208.2,,,3,Europe/Belgrade,FALSE,1901266888
Sllatinë e Vogël,Sllatine e Vogel,Mala Slatina|Albana e Vogël|Sllatina e Vogël,42.6061,21.0281,Kosovo,XK,XKS,Fushë Kosovë,Fushe Kosove,XK-04,municipality,,696.3,,,3,Europe/Belgrade,FALSE,1901067859
Homović Mahala,Homovic Mahala,,42.8021,21.1620,Kosovo,XK,XKS,Podujevë,Podujeve,XK-25,municipality,,144.3,,,4,Europe/Belgrade,FALSE,1901853045
Jabučani,Jabucani,,42.4689,21.4094,Kosovo,XK,XKS,Gjilan,Gjilan,XK-06,municipality,,42.2,,,4,Europe/Belgrade,FALSE,1901781950
Pagarushë,Pagarushe,Pagarusha|Pagaruša,42.4200,20.7422,Kosovo,XK,XKS,Malishevë,Malisheve,XK-18,municipality,,230.0,,,3,Europe/Belgrade,FALSE,1901342245
Pustenik,Pustenik,Bushalë|Pustenik,42.1625,21.2636,Kosovo,XK,XKS,Hani i Elezit,Hani i Elezit,XK-09,municipality,,126.0,,,4,Europe/Belgrade,FALSE,1901672715
Rboje,Rboje,,42.4186,21.0408,Kosovo,XK,XKS,Shtime,Shtime,XK-31,municipality,,248.3,,,3,Europe/Belgrade,FALSE,1901197318
Karamete-Mahala,Karamete-Mahala,,42.3297,21.1503,Kosovo,XK,XKS,Ferizaj,Ferizaj,XK-03,municipality,,387.4,,,3,Europe/Belgrade,FALSE,1901666444
Caka Mahala,Caka Mahala,,42.2617,21.1742,Kosovo,XK,XKS,Kaçanik,Kacanik,XK-12,municipality,,164.5,,,4,Europe/Belgrade,FALSE,1901928419
Zenelović Mahala,Zenelovic Mahala,,42.7883,20.8275,Kosovo,XK,XKS,Skenderaj,Skenderaj,XK-32,municipality,,151.8,,,4,Europe/Belgrade,FALSE,1901591695
Čardak Mahala,Cardak Mahala,,42.2808,21.2233,Kosovo,XK,XKS,Kaçanik,Kacanik,XK-12,municipality,,164.5,,,4,Europe/Belgrade,FALSE,1901332147
Kurtaj,Kurtaj,Mahala Kurtović,42.6825,21.5544,Kosovo,XK,XKS,Kamenicë,Kamenice,XK-13,municipality,,76.3,,,4,Europe/Belgrade,FALSE,1901445184
Çitlluk,Citlluk,Čitluk,42.9156,20.7092,Kosovo,XK,XKS,Zubin Potok,Zubin Potok,XK-36,municipality,,19.2,,,4,Europe/Belgrade,FALSE,1901218960
Llazicë,Llazice,Llozicë|Lozica|Loznica,42.5553,20.7633,Kosovo,XK,XKS,Malishevë,Malisheve,XK-18,municipality,,230.0,,,3,Europe/Belgrade,FALSE,1901592158
Topillë,Topille,Topillë - Devetak|Topillodevetak|Topilo|Topilo - Devetak,42.4061,20.9728,Kosovo,XK,XKS,Shtime,Shtime,XK-31,municipality,,248.3,,,3,Europe/Belgrade,FALSE,1901394132
Lumnica,Lumnica,Podadžid Mahala,42.7819,21.1261,Kosovo,XK,XKS,Prishtinë,Prishtine,XK-26,municipality,,181.5,,,4,Europe/Belgrade,FALSE,1901592384
Šainovce,Sainovce,Shajnovë II (Dytë)|Shajnë|Shajnovc|Shajne|Shajn|Šajnovce|Shajnë II (Dytë),42.0486,20.7467,Kosovo,XK,XKS,Dragash,Dragash,XK-02,municipality,,75.2,,,4,Europe/Belgrade,FALSE,1901754248
Grbeš,Grbes,Mahala Grbeš,42.6433,21.3761,Kosovo,XK,XKS,Prishtinë,Prishtine,XK-26,municipality,,497.5,,,3,Europe/Belgrade,FALSE,1901905283
Mahala Glođe,Mahala Glode,,42.6072,21.5300,Kosovo,XK,XKS,Kamenicë,Kamenice,XK-13,municipality,,40.9,,,4,Europe/Belgrade,FALSE,1901515561
Ninaj,Ninaj,,42.1989,20.5611,Kosovo,XK,XKS,Prizren,Prizren,XK-27,municipality,,349.6,,,3,Europe/Belgrade,FALSE,1901431912
Muradem,Muradem,Muradem,42.1989,20.6417,Kosovo,XK,XKS,Prizren,Prizren,XK-27,municipality,,349.6,,,3,Europe/Belgrade,FALSE,1901305173
Brezhanik,Brezhanik,Berzheniku|Brazhanik|Brezhenik|Dardania|Breganik|Brežanik|Breženik,42.6436,20.3342,Kosovo,XK,XKS,Pejë,Peje,XK-24,municipality,,177.3,,,4,Europe/Belgrade,FALSE,1901036622
Prčevo,Prcevo,Prçevë|Përçevë|Përqevë,42.5678,20.6331,Kosovo,XK,XKS,Klinë,Kline,XK-14,municipality,,155.8,,,4,Europe/Belgrade,FALSE,1901418489
Pločica,Plocica,Pllaqicë|Plloçicë|Pločice,42.5897,20.7625,Kosovo,XK,XKS,Malishevë,Malisheve,XK-18,municipality,,227.9,,,3,Europe/Belgrade,FALSE,1901680656
Meqë,Meqe,Meqe|Meća|Meće,42.4575,20.4997,Kosovo,XK,XKS,Gjakovë,Gjakove,XK-05,municipality,,190.8,,,4,Europe/Belgrade,FALSE,1901490810
Kurexh,Kurexh,Kuredž,42.3647,21.5211,Kosovo,XK,XKS,Gjilan,Gjilan,XK-06,municipality,,254.5,,,3,Europe/Belgrade,FALSE,1901586877
Ismaljaj,Ismaljaj,Mahala Smajlović,42.6972,21.5561,Kosovo,XK,XKS,Kamenicë,Kamenice,XK-13,municipality,,76.3,,,4,Europe/Belgrade,FALSE,1901978920
Orašje,Orasje,Orusje,42.7111,20.6797,Kosovo,XK,XKS,Skenderaj,Skenderaj,XK-32,municipality,,151.8,,,4,Europe/Belgrade,FALSE,1901592870
Donje Korilje,Donje Korilje,,42.9111,20.8206,Kosovo,XK,XKS,Zveçan,Zvecan,XK-37,municipality,,56.6,,,4,Europe/Belgrade,FALSE,1901063361
Donja Buš Mala,Donja Bus Mala,Bušal Mala,42.1633,21.2706,Kosovo,XK,XKS,Hani i Elezit,Hani i Elezit,XK-09,municipality,,126.0,,,4,Europe/Belgrade,FALSE,1901727178
Globočica,Globocica,Glloboçiçë Parë|Globoçicë|Gllabonica|Glloboçica|Glloboqicë,42.0047,20.6269,Kosovo,XK,XKS,Dragash,Dragash,XK-02,municipality,,75.2,,,4,Europe/Belgrade,FALSE,1901714222
Rekalije,Rekalije,,42.3947,21.5908,Kosovo,XK,XKS,Gjilan,Gjilan,XK-06,municipality,,254.5,,,3,Europe/Belgrade,FALSE,1901058992
Kostovići,Kostovici,,42.8481,20.6536,Kosovo,XK,XKS,Zubin Potok,Zubin Potok,XK-36,municipality,,54.6,,,4,Europe/Belgrade,FALSE,1901584122
Kostovići,Kostovici,Stanići,42.9406,20.5117,Kosovo,XK,XKS,Zubin Potok,Zubin Potok,XK-36,municipality,,19.2,,,4,Europe/Belgrade,TRUE,1901236531
Gllanasellë,Gllanaselle,Shkabë|Gllanasella|Shkaba|Nika|Glladnasellë|Gladno Selo,42.6703,20.9169,Kosovo,XK,XKS,Gllogovc,Gllogovc,XK-07,municipality,,255.4,,,3,Europe/Belgrade,FALSE,1901754360
Dobridol,Dobridol,Dobërdol|Dobidol|Dobridoll,42.4411,20.5350,Kosovo,XK,XKS,Rahovec,Rahovec,XK-28,municipality,,248.0,,,3,Europe/Belgrade,FALSE,1901123293
Šaljak Mahala,Saljak Mahala,,42.7623,21.0327,Kosovo,XK,XKS,Vushtrri,Vushtrri,XK-35,municipality,,235.1,,,3,Europe/Belgrade,FALSE,1901782533
Stara Vučina,Stara Vucina,Staravuçin|Stravuçinë|Staravuqin|Staravuçinë|Starovcana,42.3769,20.8875,Kosovo,XK,XKS,Suharekë,Suhareke,XK-33,municipality,,205.7,,,3,Europe/Belgrade,FALSE,1901964569
Vrbovac,Vrbovac,,42.7685,21.1386,Kosovo,XK,XKS,Prishtinë,Prishtine,XK-26,municipality,,272.6,,,3,Europe/Belgrade,FALSE,1901689453
Drenovačke Šume,Drenovacke Sume,,42.5014,20.2939,Kosovo,XK,XKS,Deçan,Decan,XK-01,municipality,,142.9,,,4,Europe/Belgrade,FALSE,1901746165
Koshare,Koshare,Košara|Koshajë|Košare,42.4501,20.2035,Kosovo,XK,XKS,Gjakovë,Gjakove,XK-05,municipality,,190.8,,,4,Europe/Belgrade,FALSE,1901638494
Poljanica,Poljanica,,42.8729,21.1942,Kosovo,XK,XKS,Podujevë,Podujeve,XK-25,municipality,,144.3,,,4,Europe/Belgrade,FALSE,1901607439
Beženić,Bezenic,,42.6658,20.8056,Kosovo,XK,XKS,Skenderaj,Skenderaj,XK-32,municipality,,152.2,,,4,Europe/Belgrade,FALSE,1901740651
Brešance,Bresance,Brešance Mehana|Bresenë|Breshanc,42.4108,20.7789,Kosovo,XK,XKS,Suharekë,Suhareke,XK-33,municipality,,205.8,,,3,Europe/Belgrade,FALSE,1901235498
Nivokaz,Nivokaz,Nirokaz|Nivokaz,42.4414,20.2889,Kosovo,XK,XKS,Gjakovë,Gjakove,XK-05,municipality,,190.8,,,4,Europe/Belgrade,FALSE,1901441461
Nashec,Nashec,Noshec|Našec,42.2403,20.6528,Kosovo,XK,XKS,Prizren,Prizren,XK-27,municipality,,349.6,,,3,Europe/Belgrade,FALSE,1901825032
Kurut,Kurut,,42.6833,20.7267,Kosovo,XK,XKS,Skenderaj,Skenderaj,XK-32,municipality,,151.8,,,4,Europe/Belgrade,FALSE,1901577415
Gornjasellë,Gornjaselle,Gornja Sell|Gornasellë|Gornjasella|Sirvuć|Gornje Selo,42.1778,20.9308,Kosovo,XK,XKS,Prizren,Prizren,XK-27,municipality,,349.6,,,3,Europe/Belgrade,FALSE,1901883141
Kovač Mahala,Kovac Mahala,,42.2661,21.1897,Kosovo,XK,XKS,Kaçanik,Kacanik,XK-12,municipality,,164.5,,,4,Europe/Belgrade,FALSE,1901815052
Maznik,Maznik,Mazniku|Maznik,42.5433,20.4497,Kosovo,XK,XKS,Deçan,Decan,XK-01,municipality,,144.3,,,4,Europe/Belgrade,FALSE,1901729351
Dobrajë e Vogël,Dobraje e Vogel,Dobraja e Vogël|Mala Dobranja,42.5472,21.0286,Kosovo,XK,XKS,Lipjan,Lipjan,XK-17,municipality,,208.2,,,3,Europe/Belgrade,FALSE,1901775636
Miroc,Miroc,Miroc - Malok,42.4756,20.2917,Kosovo,XK,XKS,Junik,Junik,XK-11,municipality,,92.7,,,4,Europe/Belgrade,FALSE,1901432765
Slivovë,Slivove,Slivovo,42.6228,21.3344,Kosovo,XK,XKS,Prishtinë,Prishtine,XK-26,municipality,,497.5,,,3,Europe/Belgrade,FALSE,1901121955
Tairovici,Tairovici,,43.0025,20.9531,Kosovo,XK,XKS,Mitrovicë e Jugut,Mitrovice e Jugut,XK-38,municipality,,285.4,,,3,Europe/Belgrade,FALSE,1901456921
Grejčevce,Grejcevce,Greiçec|Grejčevice|Graçec|Griçec|Grečevci|Grajčevce|Grejçevc|Grejçec,42.4133,20.9342,Kosovo,XK,XKS,Suharekë,Suhareke,XK-33,municipality,,205.7,,,3,Europe/Belgrade,FALSE,1901299874
Lagjia e Livadheve,Lagjia e Livadheve,,43.0672,20.7777,Kosovo,XK,XKS,Leposaviq,Leposaviq,XK-16,municipality,,23.6,,,4,Europe/Belgrade,FALSE,1901999762
Grvala,Grvala,,42.5811,20.3483,Kosovo,XK,XKS,Pejë,Peje,XK-24,municipality,,165.9,,,4,Europe/Belgrade,FALSE,1901746409
Sigë,Sige,Ciga|Siga,42.7097,20.3056,Kosovo,XK,XKS,Pejë,Peje,XK-24,municipality,,177.3,,,4,Europe/Belgrade,FALSE,1901225127
Shajkoc,Shajkoc,Shajkofci|Albaniku|Šajkovac|Shajkofc|Shajkovc|Albanik|Sajkovc,42.8634,21.2390,Kosovo,XK,XKS,Podujevë,Podujeve,XK-25,municipality,,144.3,,,4,Europe/Belgrade,FALSE,1901248526
Božovići,Bozovici,,42.3758,21.1061,Kosovo,XK,XKS,Ferizaj,Ferizaj,XK-03,municipality,,387.4,,,3,Europe/Belgrade,FALSE,1901586253
Vruicë,Vruice,Vrujice|Vruica,43.1893,20.7626,Kosovo,XK,XKS,Leposaviq,Leposaviq,XK-16,municipality,,23.6,,,4,Europe/Belgrade,FALSE,1901454788
Hasalari,Hasalari,Hasalan,42.1325,21.2600,Kosovo,XK,XKS,Hani i Elezit,Hani i Elezit,XK-09,municipality,,126.0,,,4,Europe/Belgrade,FALSE,1901803477
Kamenicë e Epërme,Kamenice e Eperme,Kamenicë|Kamenica,43.2017,20.6797,Kosovo,XK,XKS,Leposaviq,Leposaviq,XK-16,municipality,,23.6,,,4,Europe/Belgrade,FALSE,1901257136
Duška,Duska,,42.7264,20.8781,Kosovo,XK,XKS,Skenderaj,Skenderaj,XK-32,municipality,,151.8,,,4,Europe/Belgrade,FALSE,1901291568
Maliq,Maliq,Maliqi,43.0743,20.8365,Kosovo,XK,XKS,Leposaviq,Leposaviq,XK-16,municipality,,23.6,,,4,Europe/Belgrade,FALSE,1901999790
Parlin Potok,Parlin Potok,Parnim|Parnim Potok,43.2058,20.7503,Kosovo,XK,XKS,Leposaviq,Leposaviq,XK-16,municipality,,23.6,,,4,Europe/Belgrade,FALSE,1901085293
Kriva Njiva,Kriva Njiva,Kriva Njiva Mahala,42.2603,21.2647,Kosovo,XK,XKS,Kaçanik,Kacanik,XK-12,municipality,,164.5,,,4,Europe/Belgrade,FALSE,1901791924
Orqushë,Orqushe,Orçusha|Orçushë|Oruqushë|Orushë|Oruqusha|Orčuša,42.0422,20.5989,Kosovo,XK,XKS,Dragash,Dragash,XK-02,municipality,,75.2,,,4,Europe/Belgrade,FALSE,1901289965
Kosuriq,Kosuriq,Kosurić,42.5703,20.4647,Kosovo,XK,XKS,Pejë,Peje,XK-24,municipality,,177.3,,,4,Europe/Belgrade,FALSE,1901769214
Taraxhë,Taraxhe,Taradža,42.7908,20.9036,Kosovo,XK,XKS,Vushtrri,Vushtrri,XK-35,municipality,,235.1,,,3,Europe/Belgrade,FALSE,1901639348
Gornji Zabelj,Gornji Zabelj,Zabel i Epërm|Zabeli i Epërm|Gornji Zabel,42.5808,20.9211,Kosovo,XK,XKS,Gllogovc,Gllogovc,XK-07,municipality,,255.4,,,3,Europe/Belgrade,FALSE,1901735962
Kërnin i Epërm,Kernin i Eperm,Kërnini i Epërm|Kernjinji i Sipërm|Gornji Krnjin|Kërrnini i Epërm,43.1231,20.7722,Kosovo,XK,XKS,Leposaviq,Leposaviq,XK-16,municipality,,23.6,,,4,Europe/Belgrade,FALSE,1901658245
Kodralji,Kodralji,,42.4694,20.8767,Kosovo,XK,XKS,Suharekë,Suhareke,XK-33,municipality,,205.7,,,3,Europe/Belgrade,FALSE,1901995690
Čeranovica,Ceranovica,,42.5831,21.4572,Kosovo,XK,XKS,Novobërdë,Novoberde,XK-21,municipality,,40.9,,,4,Europe/Belgrade,FALSE,1901547977
Kukovce Mala,Kukovce Mala,,42.3953,21.6250,Kosovo,XK,XKS,Gjilan,Gjilan,XK-06,municipality,,202.6,,,3,Europe/Belgrade,FALSE,1901296658
Orašek,Orasek,,42.9381,20.5992,Kosovo,XK,XKS,Zubin Potok,Zubin Potok,XK-36,municipality,,19.2,,,4,Europe/Belgrade,FALSE,1901721802
Donja Koretica,Donja Koretica,Kroticë e Poshtëme|Korroticë e Poshtëme|Koreticë e Epërme|Koroticë e Poshtmë|Gentianë|Korotica e Ulët|Korratica e Poshtme|Donja Korotica|Donja Koratica|Gentiana,42.6042,20.9000,Kosovo,XK,XKS,Gllogovc,Gllogovc,XK-07,municipality,,255.4,,,3,Europe/Belgrade,FALSE,1901757438
Laz,Laz,Llaz-Bellopaq|Llazbollpaq,42.7081,20.2206,Kosovo,XK,XKS,Pejë,Peje,XK-24,municipality,,177.3,,,4,Europe/Belgrade,FALSE,1901129994
Zavratë,Zavrate,Zavrata|Zavrata,43.1321,20.8744,Kosovo,XK,XKS,Leposaviq,Leposaviq,XK-16,municipality,,23.6,,,4,Europe/Belgrade,FALSE,1901735306
Bosce,Bosce,Boscë|Bosca,42.6094,21.5892,Kosovo,XK,XKS,Kamenicë,Kamenice,XK-13,municipality,,76.3,,,4,Europe/Belgrade,FALSE,1901849554
Popovce,Popovce,,42.2619,21.0317,Kosovo,XK,XKS,Shtërpcë,Shterpce,XK-30,municipality,,29.1,,,4,Europe/Belgrade,FALSE,1901686276
Sofali,Sofali,Sofalija,42.6666,21.2036,Kosovo,XK,XKS,Prishtinë,Prishtine,XK-26,municipality,,497.5,,,3,Europe/Belgrade,FALSE,1901277301
Baran,Baran,Donji Barani|Donje Barane|Barane,42.5753,20.4186,Kosovo,XK,XKS,Pejë,Peje,XK-24,municipality,,177.3,,,4,Europe/Belgrade,FALSE,1901864413
Gornje Rečane,Gornje Recane,Donje Ajnovce,42.6108,21.5536,Kosovo,XK,XKS,Kamenicë,Kamenice,XK-13,municipality,,76.3,,,4,Europe/Belgrade,FALSE,1901484982
Lagjia Pejovë,Lagjia Pejove,Pejovići,43.0275,20.7533,Kosovo,XK,XKS,Zveçan,Zvecan,XK-37,municipality,,56.6,,,4,Europe/Belgrade,FALSE,1901641040
Rakovinë,Rakovine,Rakovina,42.4917,20.5117,Kosovo,XK,XKS,Gjakovë,Gjakove,XK-05,municipality,,190.8,,,4,Europe/Belgrade,FALSE,1901272397
Gornja Vitija,Gornja Vitija,Gornja Mahala Vitinje,42.6536,21.3589,Kosovo,XK,XKS,Prishtinë,Prishtine,XK-26,municipality,,497.5,,,3,Europe/Belgrade,FALSE,1901444623
Lanište,Laniste,,42.2164,21.2714,Kosovo,XK,XKS,Kaçanik,Kacanik,XK-12,municipality,,164.5,,,4,Europe/Belgrade,FALSE,1901418466
Pestovë,Pestove,Pestovo,42.7841,21.0009,Kosovo,XK,XKS,Vushtrri,Vushtrri,XK-35,municipality,,235.1,,,3,Europe/Belgrade,FALSE,1901861167
Turjane,Turjane,,42.7242,20.6422,Kosovo,XK,XKS,Skenderaj,Skenderaj,XK-32,municipality,,151.7,,,4,Europe/Belgrade,FALSE,1901640119
Zhakovë,Zhakove,Dardhë|Zhakova|Žakovo|Dardha,42.8161,20.5903,Kosovo,XK,XKS,Istog,Istog,XK-10,municipality,,103.2,,,4,Europe/Belgrade,FALSE,1901614016
Ballancë,Ballance,Balance,42.4122,21.3653,Kosovo,XK,XKS,Viti,Viti,XK-34,municipality,,177.0,,,4,Europe/Belgrade,FALSE,1901929673
Çelik,Celik,Çeliku|Čelik,42.3000,21.5072,Kosovo,XK,XKS,Gjilan,Gjilan,XK-06,municipality,,254.5,,,3,Europe/Belgrade,FALSE,1901171493
Ðuraković,Durakovic,,42.6994,20.6583,Kosovo,XK,XKS,Skenderaj,Skenderaj,XK-32,municipality,,151.8,,,4,Europe/Belgrade,FALSE,1901215825
Gagička Mahala,Gagicka Mahala,,42.6358,21.7650,Kosovo,XK,XKS,Kamenicë,Kamenice,XK-13,municipality,,48.8,,,4,Europe/Belgrade,FALSE,1901048556
Stublak,Stublak,,42.8305,21.1752,Kosovo,XK,XKS,Podujevë,Podujeve,XK-25,municipality,,144.3,,,4,Europe/Belgrade,FALSE,1901976354
Duraj,Duraj,Dura - Gabricë|Dura|Dura - Gabrica,42.2811,21.1739,Kosovo,XK,XKS,Kaçanik,Kacanik,XK-12,municipality,,164.5,,,4,Europe/Belgrade,FALSE,1901398492
Mema Mahala,Mema Mahala,,42.2572,21.1897,Kosovo,XK,XKS,Kaçanik,Kacanik,XK-12,municipality,,164.5,,,4,Europe/Belgrade,FALSE,1901663391
Šaban Mahala,Saban Mahala,,42.5147,20.5219,Kosovo,XK,XKS,Gjakovë,Gjakove,XK-05,municipality,,190.8,,,4,Europe/Belgrade,FALSE,1901769262
Grčevo,Grcevo,Gërçevë,43.1869,20.7003,Kosovo,XK,XKS,Leposaviq,Leposaviq,XK-16,municipality,,23.6,,,4,Europe/Belgrade,FALSE,1901148874
Qylagë,Qylage,Čučuljaga|Çuçulljaaga|Ćuljaga,42.5339,21.0240,Kosovo,XK,XKS,Lipjan,Lipjan,XK-17,municipality,,208.2,,,3,Europe/Belgrade,FALSE,1901843708
Ramoc,Ramoc,Ramoc,42.3972,20.3497,Kosovo,XK,XKS,Gjakovë,Gjakove,XK-05,municipality,,190.8,,,4,Europe/Belgrade,FALSE,1901797468
Soçanicë,Socanice,Sočanica,43.0547,20.8100,Kosovo,XK,XKS,Leposaviq,Leposaviq,XK-16,municipality,,23.6,,,4,Europe/Belgrade,FALSE,1901355030
Opterushë,Opterushe,Opterusha|Opteruša,42.3717,20.7156,Kosovo,XK,XKS,Rahovec,Rahovec,XK-28,municipality,,248.0,,,3,Europe/Belgrade,FALSE,1901148272
Kišno Polje,Kisno Polje,Kishnapole|Kishnapolë,42.4617,21.3017,Kosovo,XK,XKS,Gjilan,Gjilan,XK-06,municipality,,254.5,,,3,Europe/Belgrade,FALSE,1901322559
Siboc i Poshtëm,Siboc i Poshtem,Siboci i Poshtëm|Sibolci i Poshtëm|Vindeni i Poshtëm|Donji Sibovac,42.8428,21.2000,Kosovo,XK,XKS,Podujevë,Podujeve,XK-25,municipality,,144.3,,,4,Europe/Belgrade,FALSE,1901446270
Donja Mahala,Donja Mahala,Mirash|Miraš,42.4486,21.2242,Kosovo,XK,XKS,Ferizaj,Ferizaj,XK-03,municipality,,387.4,,,3,Europe/Belgrade,FALSE,1901363595
Kozarica,Kozarica,Kozarica Mahala|Kozaricë,42.7925,21.1142,Kosovo,XK,XKS,Obiliq,Obiliq,XK-22,municipality,,243.3,,,3,Europe/Belgrade,FALSE,1901871851
Dollovë,Dollove,Dollova|Drinas|Drinasi|Dolovo,42.5656,20.5611,Kosovo,XK,XKS,Klinë,Kline,XK-14,municipality,,155.8,,,4,Europe/Belgrade,FALSE,1901098595
Zekić Mahala,Zekic Mahala,,42.7805,21.0106,Kosovo,XK,XKS,Vushtrri,Vushtrri,XK-35,municipality,,235.1,,,3,Europe/Belgrade,FALSE,1901224342
Barovce,Barovce,,42.9088,21.2418,Kosovo,XK,XKS,Podujevë,Podujeve,XK-25,municipality,,144.3,,,4,Europe/Belgrade,FALSE,1901333123
Zez Mahala,Zez Mahala,,42.5231,20.7506,Kosovo,XK,XKS,Malishevë,Malisheve,XK-18,municipality,,230.0,,,3,Europe/Belgrade,FALSE,1901842236
Vokri Mahala,Vokri Mahala,,42.8677,21.2066,Kosovo,XK,XKS,Podujevë,Podujeve,XK-25,municipality,,144.3,,,4,Europe/Belgrade,FALSE,1901662323
Rimanishtë,Rimanishte,Rimanište,42.7672,21.1983,Kosovo,XK,XKS,Prishtinë,Prishtine,XK-26,municipality,,477.8,,,3,Europe/Belgrade,FALSE,1901907766
Pruš-Mahala,Prus-Mahala,,42.3003,21.2231,Kosovo,XK,XKS,Kaçanik,Kacanik,XK-12,municipality,,164.5,,,4,Europe/Belgrade,FALSE,1901513409
Carravranë,Carravrane,Cërnovran|Caravranë|Crnovrana|Crnovrane,42.4775,20.6886,Kosovo,XK,XKS,Malishevë,Malisheve,XK-18,municipality,,230.0,,,3,Europe/Belgrade,FALSE,1901545986
Trnova,Trnova,,42.7619,20.6772,Kosovo,XK,XKS,Skenderaj,Skenderaj,XK-32,municipality,,151.8,,,4,Europe/Belgrade,FALSE,1901050970
Mahala Cakaj,Mahala Cakaj,,42.2722,20.6083,Kosovo,XK,XKS,Prizren,Prizren,XK-27,municipality,,349.6,,,3,Europe/Belgrade,FALSE,1901221886
Mučubelj,Mucubelj,,42.5975,20.7678,Kosovo,XK,XKS,Malishevë,Malisheve,XK-18,municipality,,230.0,,,3,Europe/Belgrade,FALSE,1901090449
Ždrelo,Zdrelo,Ždrela|Zhdrella|Zhdrellë|Zhdredhë,42.4647,20.4325,Kosovo,XK,XKS,Gjakovë,Gjakove,XK-05,municipality,,190.8,,,4,Europe/Belgrade,FALSE,1901639566
Rafš Mahala,Rafs Mahala,Ravš Mahala,42.4117,20.8689,Kosovo,XK,XKS,Suharekë,Suhareke,XK-33,municipality,,205.7,,,3,Europe/Belgrade,FALSE,1901445898
Tonković,Tonkovic,,42.6117,20.3567,Kosovo,XK,XKS,Pejë,Peje,XK-24,municipality,,177.3,,,4,Europe/Belgrade,FALSE,1901669109
Celinë,Celine,Celin|Ciln|Celina,42.3378,20.6297,Kosovo,XK,XKS,Rahovec,Rahovec,XK-28,municipality,,248.0,,,3,Europe/Belgrade,FALSE,1901847182
Raim Abaz,Raim Abaz,,42.9789,21.1755,Kosovo,XK,XKS,Podujevë,Podujeve,XK-25,municipality,,144.3,,,4,Europe/Belgrade,FALSE,1901044127
Ajvazi,Ajvazi,,42.4531,21.3456,Kosovo,XK,XKS,Gjilan,Gjilan,XK-06,municipality,,254.5,,,3,Europe/Belgrade,FALSE,1901011884
Junakë,Junake,Junake|Junaci|Junce|Junicë,43.0064,20.6761,Kosovo,XK,XKS,Zubin Potok,Zubin Potok,XK-36,municipality,,19.2,,,4,Europe/Belgrade,FALSE,1901646690
Busi,Busi,Businje,42.6411,21.3097,Kosovo,XK,XKS,Prishtinë,Prishtine,XK-26,municipality,,497.5,,,3,Europe/Belgrade,FALSE,1901122835
Poštra,Postra,,42.3281,20.4992,Kosovo,XK,XKS,Gjakovë,Gjakove,XK-05,municipality,,190.8,,,4,Europe/Belgrade,FALSE,1901448843
Gornji Biteš,Gornji Bites,,42.4853,20.3892,Kosovo,XK,XKS,Deçan,Decan,XK-01,municipality,,142.9,,,4,Europe/Belgrade,FALSE,1901355801
Millanoviq,Millanoviq,Shkozë|Milanović,42.4217,20.7128,Kosovo,XK,XKS,Malishevë,Malisheve,XK-18,municipality,,230.0,,,3,Europe/Belgrade,FALSE,1901621978
Popoc,Popoc,Popovce|Popovci|Popoci,43.0801,20.7903,Kosovo,XK,XKS,Leposaviq,Leposaviq,XK-16,municipality,,23.6,,,4,Europe/Belgrade,FALSE,1901259000
Tauda Kuće,Tauda Kuce,,42.9867,21.1036,Kosovo,XK,XKS,Podujevë,Podujeve,XK-25,municipality,,144.3,,,4,Europe/Belgrade,FALSE,1901706107
Jagodë,Jagode,Shëngjergj|Shëngjergji|Jagoda,42.6369,20.5342,Kosovo,XK,XKS,Klinë,Kline,XK-14,municipality,,155.8,,,4,Europe/Belgrade,FALSE,1901485666
Devojkin Kamen,Devojkin Kamen,,42.6894,21.7208,Kosovo,XK,XKS,Kamenicë,Kamenice,XK-13,municipality,,72.2,,,4,Europe/Belgrade,FALSE,1901330169
Muhudziri,Muhudziri,,42.5569,21.6728,Kosovo,XK,XKS,Kamenicë,Kamenice,XK-13,municipality,,76.3,,,4,Europe/Belgrade,FALSE,1901595314
Adilović Mahala,Adilovic Mahala,,42.7125,21.2533,Kosovo,XK,XKS,Prishtinë,Prishtine,XK-26,municipality,,497.5,,,3,Europe/Belgrade,FALSE,1901464244
Çikatovë e Re,Cikatove e Re,Cikatovë e Re|Qikatovë e Re|Novo Čikatovo|Novo Ćikatovo,42.6292,20.8819,Kosovo,XK,XKS,Gllogovc,Gllogovc,XK-07,municipality,,255.4,,,3,Europe/Belgrade,FALSE,1901458375
Zatra,Zatra,Drezhiç,42.6503,20.2803,Kosovo,XK,XKS,Pejë,Peje,XK-24,municipality,,177.3,,,4,Europe/Belgrade,FALSE,1901169377
Ðatovića Mahala,Datovica Mahala,,42.9533,21.1652,Kosovo,XK,XKS,Podujevë,Podujeve,XK-25,municipality,,144.3,,,4,Europe/Belgrade,FALSE,1901093285
Brežanička Ulica,Brezanicka Ulica,,42.6417,20.3122,Kosovo,XK,XKS,Pejë,Peje,XK-24,municipality,,177.3,,,4,Europe/Belgrade,FALSE,1901242346
Kosmatanci,Kosmatanci,,42.5906,21.4925,Kosovo,XK,XKS,Novobërdë,Novoberde,XK-21,municipality,,40.9,,,4,Europe/Belgrade,FALSE,1901643843
Mijajlovići,Mijajlovici,,42.8283,20.8392,Kosovo,XK,XKS,Mitrovicë e Jugut,Mitrovice e Jugut,XK-38,municipality,,285.4,,,3,Europe/Belgrade,FALSE,1901759721
Jevtićska Mala,Jevticska Mala,,43.1350,20.9142,Kosovo,XK,XKS,Leposaviq,Leposaviq,XK-16,municipality,,23.6,,,4,Europe/Belgrade,FALSE,1901952344
Zagragjë,Zagragje,Zagrađe,42.9925,20.6133,Kosovo,XK,XKS,Zubin Potok,Zubin Potok,XK-36,municipality,,19.2,,,4,Europe/Belgrade,FALSE,1901483402
Ćitak Mahala,Citak Mahala,Mahalla Qitaku,42.9476,21.1558,Kosovo,XK,XKS,Podujevë,Podujeve,XK-25,municipality,,144.3,,,4,Europe/Belgrade,FALSE,1901149174
Zaskošnik,Zaskosnik,Zaskošnik Mala,42.4022,21.5972,Kosovo,XK,XKS,Gjilan,Gjilan,XK-06,municipality,,254.5,,,3,Europe/Belgrade,FALSE,1901425442
Mirushë,Mirushe,Mirusha|Miruša,42.4975,20.7139,Kosovo,XK,XKS,Malishevë,Malisheve,XK-18,municipality,,230.0,,,3,Europe/Belgrade,FALSE,1901779721
Horun,Horun,Hozun,42.3214,21.2475,Kosovo,XK,XKS,Kaçanik,Kacanik,XK-12,municipality,,287.2,,,3,Europe/Belgrade,FALSE,1901533026
Shipitullë,Shipitulle,Šipitula,42.6683,21.0031,Kosovo,XK,XKS,Obiliq,Obiliq,XK-22,municipality,,248.8,,,3,Europe/Belgrade,FALSE,1901027158
Gumnishtë,Gumnishte,Guvnište|Gumnište,42.9150,21.0048,Kosovo,XK,XKS,Vushtrri,Vushtrri,XK-35,municipality,,235.1,,,3,Europe/Belgrade,FALSE,1901502821
Surdull,Surdull,Surdulli|Surthil|Surdul|Surdula,42.8494,21.2881,Kosovo,XK,XKS,Podujevë,Podujeve,XK-25,municipality,,144.3,,,4,Europe/Belgrade,FALSE,1901491267
Svircë,Svirce,Svirce,42.7161,21.5742,Kosovo,XK,XKS,Kamenicë,Kamenice,XK-13,municipality,,76.3,,,4,Europe/Belgrade,FALSE,1901527061
Miokoviq,Miokoviq,Miokoviqi|Miokoviće|Miçkoviq|Miokovići,43.1961,20.8322,Kosovo,XK,XKS,Leposaviq,Leposaviq,XK-16,municipality,,23.6,,,4,Europe/Belgrade,FALSE,1901431581
Dumnicë e Epërme,Dumnice e Eperme,Dumnica e Epërme|Gornja Dubnica,42.8104,21.0980,Kosovo,XK,XKS,Vushtrri,Vushtrri,XK-35,municipality,,235.1,,,3,Europe/Belgrade,FALSE,1901224893
Huljiljaj Mahala,Huljiljaj Mahala,,42.6236,20.7903,Kosovo,XK,XKS,Gllogovc,Gllogovc,XK-07,municipality,,255.4,,,3,Europe/Belgrade,FALSE,1901591358
Barjaktar Mahala,Barjaktar Mahala,,42.3619,20.9286,Kosovo,XK,XKS,Suharekë,Suhareke,XK-33,municipality,,205.7,,,3,Europe/Belgrade,FALSE,1901968265
Reçan,Recan,Rečane,42.1742,20.8175,Kosovo,XK,XKS,Prizren,Prizren,XK-27,municipality,,349.6,,,3,Europe/Belgrade,FALSE,1901105963
Malaj,Malaj,Maleviq|Maljević|Malajt|Malević|Maljeviće,42.7108,20.1381,Kosovo,XK,XKS,Pejë,Peje,XK-24,municipality,,177.3,,,4,Europe/Belgrade,FALSE,1901826843
Fusha e Mirë,Fusha e Mire,,43.0805,20.8117,Kosovo,XK,XKS,Leposaviq,Leposaviq,XK-16,municipality,,23.6,,,4,Europe/Belgrade,FALSE,1901999791
Rrezjë,Rrezje,Rrezja,43.0186,21.1146,Kosovo,XK,XKS,Podujevë,Podujeve,XK-25,municipality,,144.3,,,4,Europe/Belgrade,FALSE,1901999806
Pllakanicë,Pllakanice,Pllakanikë|Plakanicë|Plakaonica|Pllakanica,43.0744,20.7108,Kosovo,XK,XKS,Leposaviq,Leposaviq,XK-16,municipality,,23.6,,,4,Europe/Belgrade,FALSE,1901990046
Nermiec,Nermiec,,42.9848,21.1976,Kosovo,XK,XKS,Podujevë,Podujeve,XK-25,municipality,,144.3,,,4,Europe/Belgrade,FALSE,1901001492
Gërlicë e Epërme,Gerlice e Eperme,Gryka e Epërme|Gërlice e Epërme|Gornja Grlica,42.2761,21.1656,Kosovo,XK,XKS,Kaçanik,Kacanik,XK-12,municipality,,164.6,,,4,Europe/Belgrade,FALSE,1901828268
Raçë,Race,Raqë|Raqa|Rača,42.3508,20.4517,Kosovo,XK,XKS,Gjakovë,Gjakove,XK-05,municipality,,190.8,,,4,Europe/Belgrade,FALSE,1901180083
Caravik,Caravik,Cerovih|Cerroviq|Qarrat|Qarrati|Çaravik|Caraviku|Cerovik,42.5872,20.7392,Kosovo,XK,XKS,Klinë,Kline,XK-14,municipality,,155.8,,,4,Europe/Belgrade,FALSE,1901069467
Suk-Mahala,Suk-Mahala,,42.4153,20.8625,Kosovo,XK,XKS,Suharekë,Suhareke,XK-33,municipality,,205.7,,,3,Europe/Belgrade,FALSE,1901467784
Kaplan Mahala,Kaplan Mahala,,42.5200,20.7206,Kosovo,XK,XKS,Malishevë,Malisheve,XK-18,municipality,,230.0,,,3,Europe/Belgrade,FALSE,1901611907
Negomir,Negomir,Negomiri|Negomirac|Hegamirac,43.1029,20.8542,Kosovo,XK,XKS,Leposaviq,Leposaviq,XK-16,municipality,,23.6,,,4,Europe/Belgrade,FALSE,1901990100
Skullan,Skullan,Skullanova|Skulanovë|Skulanevo|Skulanovo|Skulapovo,42.5598,21.0816,Kosovo,XK,XKS,Graçanicë,Gracanice,XK-08,municipality,,134.0,,,4,Europe/Belgrade,FALSE,1901205505
Gornja Sušica,Gornja Susica,,42.8114,20.5761,Kosovo,XK,XKS,Istog,Istog,XK-10,municipality,,103.2,,,4,Europe/Belgrade,FALSE,1901898388
Prisojë,Prisoje,Prisoje,43.0714,20.8139,Kosovo,XK,XKS,Leposaviq,Leposaviq,XK-16,municipality,,23.6,,,4,Europe/Belgrade,FALSE,1901452741
Rëvatskë,Revatske,Rëvatska|Rvatska|Rvacka|Rvatskë,43.1792,20.6872,Kosovo,XK,XKS,Leposaviq,Leposaviq,XK-16,municipality,,23.6,,,4,Europe/Belgrade,FALSE,1901222514
Rečani,Recani,,42.9915,21.1179,Kosovo,XK,XKS,Podujevë,Podujeve,XK-25,municipality,,144.3,,,4,Europe/Belgrade,FALSE,1901108968
Kapre,Kapre,Kopro|Kapra,42.1028,20.6889,Kosovo,XK,XKS,Dragash,Dragash,XK-02,municipality,,75.2,,,4,Europe/Belgrade,FALSE,1901561589
Ašance Mahala,Asance Mahala,,42.3189,21.1506,Kosovo,XK,XKS,Ferizaj,Ferizaj,XK-03,municipality,,387.4,,,3,Europe/Belgrade,FALSE,1901165735
Drejë,Dreje,Drelje|Dreja|Drenje,42.6928,20.5239,Kosovo,XK,XKS,Istog,Istog,XK-10,municipality,,103.2,,,4,Europe/Belgrade,FALSE,1901491735
Banjë,Banje,Banja e Kërnjinës|Baja e Pejës|Bajë|Pećska Banja|Pećka Banja|Baja|Banja,42.7269,20.3914,Kosovo,XK,XKS,Istog,Istog,XK-10,municipality,,103.2,,,4,Europe/Belgrade,FALSE,1901513086
Rastavicë,Rastavice,Rastavcë|Rastovicë|Rastavica|Rastavice,42.4942,20.3278,Kosovo,XK,XKS,Deçan,Decan,XK-01,municipality,,142.9,,,4,Europe/Belgrade,FALSE,1901106644
Shpenadi,Shpenadi,Shpinadijë|Shipandije|Shpinadi|Špinadija,42.2725,20.7600,Kosovo,XK,XKS,Prizren,Prizren,XK-27,municipality,,349.6,,,3,Europe/Belgrade,FALSE,1901859010
Ravnište,Ravniste,Mahala Ravnište|Ravnište Mahala,42.6575,21.5592,Kosovo,XK,XKS,Kamenicë,Kamenice,XK-13,municipality,,76.3,,,4,Europe/Belgrade,FALSE,1901610119
Budrikë e Epërme,Budrike e Eperme,Budriga e Epërme|Budrika e Epërme|Gornja Budriga,42.3750,21.4192,Kosovo,XK,XKS,Viti,Viti,XK-34,municipality,,106.4,,,4,Europe/Belgrade,FALSE,1901798884
Blenište,Bleniste,,42.3531,21.1383,Kosovo,XK,XKS,Ferizaj,Ferizaj,XK-03,municipality,,387.4,,,3,Europe/Belgrade,FALSE,1901449617
Vaganesh,Vaganesh,Gaganeš|Vakanesh|Vaganeshi|Vaganeš,42.6722,21.5047,Kosovo,XK,XKS,Kamenicë,Kamenice,XK-13,municipality,,76.3,,,4,Europe/Belgrade,FALSE,1901500280
Petrinovići,Petrinovici,,42.2894,21.4408,Kosovo,XK,XKS,Viti,Viti,XK-34,municipality,,177.0,,,4,Europe/Belgrade,FALSE,1901815240
Vidovce,Vidovce,,42.9828,20.6661,Kosovo,XK,XKS,Zubin Potok,Zubin Potok,XK-36,municipality,,19.2,,,4,Europe/Belgrade,FALSE,1901962329
Vraçevë,Vraceve,Vraçeva|Vraqevë|Vračevo,43.1783,20.6622,Kosovo,XK,XKS,Leposaviq,Leposaviq,XK-16,municipality,,23.6,,,4,Europe/Belgrade,FALSE,1901948270
Donja Vaganica,Donja Vaganica,Senjak,42.8564,20.8603,Kosovo,XK,XKS,Mitrovicë e Jugut,Mitrovice e Jugut,XK-38,municipality,,285.4,,,3,Europe/Belgrade,FALSE,1901660692
Pipersk Mahala,Pipersk Mahala,,42.7685,21.0786,Kosovo,XK,XKS,Obiliq,Obiliq,XK-22,municipality,,248.8,,,3,Europe/Belgrade,FALSE,1901483995
Pouskë,Pouske,Topusko|Pousko,42.1936,20.7661,Kosovo,XK,XKS,Prizren,Prizren,XK-27,municipality,,349.6,,,3,Europe/Belgrade,FALSE,1901830844
Halitović,Halitovic,,42.7000,20.6331,Kosovo,XK,XKS,Klinë,Kline,XK-14,municipality,,151.8,,,4,Europe/Belgrade,FALSE,1901582408
Tahirović Mahala,Tahirovic Mahala,,42.6028,20.8619,Kosovo,XK,XKS,Gllogovc,Gllogovc,XK-07,municipality,,255.4,,,3,Europe/Belgrade,FALSE,1901781380
Pasomë,Pasome,Pasoma,42.8833,20.9564,Kosovo,XK,XKS,Vushtrri,Vushtrri,XK-35,municipality,,235.1,,,3,Europe/Belgrade,FALSE,1901736964
Liqenet,Liqenet,Jezerine|Liqejtë,43.1477,20.7402,Kosovo,XK,XKS,Leposaviq,Leposaviq,XK-16,municipality,,23.6,,,4,Europe/Belgrade,FALSE,1901590641
Bab,Bab,,42.9643,20.5163,Kosovo,XK,XKS,Zubin Potok,Zubin Potok,XK-36,municipality,,20.4,,,4,Europe/Belgrade,FALSE,1901999775
Zllatar,Zllatar,Zllatarë|Zlatare,42.6455,21.2223,Kosovo,XK,XKS,Prishtinë,Prishtine,XK-26,municipality,,497.5,,,3,Europe/Belgrade,FALSE,1901350317
Zaskok,Zaskok,Zaskok,42.3478,21.1378,Kosovo,XK,XKS,Ferizaj,Ferizaj,XK-03,municipality,,387.4,,,3,Europe/Belgrade,FALSE,1901408886
Poterović Mahala,Poterovic Mahala,Mahalla Peteroviq,42.8710,21.1162,Kosovo,XK,XKS,Podujevë,Podujeve,XK-25,municipality,,144.3,,,4,Europe/Belgrade,FALSE,1901763925
Kodrali Mahala,Kodrali Mahala,,42.7968,21.0713,Kosovo,XK,XKS,Vushtrri,Vushtrri,XK-35,municipality,,235.1,,,3,Europe/Belgrade,FALSE,1901402573
Kullë,Kulle,Kula,42.9961,20.8117,Kosovo,XK,XKS,Zveçan,Zvecan,XK-37,municipality,,24.5,,,4,Europe/Belgrade,FALSE,1901724355
Fangu,Fangu,Fonga,42.4250,20.8478,Kosovo,XK,XKS,Suharekë,Suhareke,XK-33,municipality,,207.6,,,3,Europe/Belgrade,FALSE,1901262065
Brahović Mahala,Brahovic Mahala,,42.7683,20.8233,Kosovo,XK,XKS,Skenderaj,Skenderaj,XK-32,municipality,,151.8,,,4,Europe/Belgrade,FALSE,1901701704
Raškaj,Raskaj,,42.1942,20.5564,Kosovo,XK,XKS,Prizren,Prizren,XK-27,municipality,,349.6,,,3,Europe/Belgrade,FALSE,1901003228
Siqevë,Siqeve,Siçevë|Sićevo,42.6261,20.6881,Kosovo,XK,XKS,Klinë,Kline,XK-14,municipality,,155.8,,,4,Europe/Belgrade,FALSE,1901420865
Kijevc,Kijevc,,43.0018,20.6421,Kosovo,XK,XKS,Zubin Potok,Zubin Potok,XK-36,municipality,,19.2,,,4,Europe/Belgrade,FALSE,1901999793
Rashincë,Rashince,Rašince,42.4433,21.0756,Kosovo,XK,XKS,Shtime,Shtime,XK-31,municipality,,248.3,,,3,Europe/Belgrade,FALSE,1901896503
Godishnjak,Godishnjak,Kodërz|Kodërza|Godishnjaku|Godišnjak,42.8383,21.1615,Kosovo,XK,XKS,Podujevë,Podujeve,XK-25,municipality,,144.3,,,4,Europe/Belgrade,FALSE,1901378068
Čečevo,Cecevo,Çeqovë|Çeçevë|Çeqevë,42.9189,20.6067,Kosovo,XK,XKS,Zubin Potok,Zubin Potok,XK-36,municipality,,19.2,,,4,Europe/Belgrade,FALSE,1901789461
Llugë,Lluge,Lluga|Llugovo|Lugmir|Lugmiri|Lugovo,42.7500,20.4614,Kosovo,XK,XKS,Istog,Istog,XK-10,municipality,,103.2,,,4,Europe/Belgrade,FALSE,1901761130
Bjelopač,Bjelopac,Bellopaq|Bellopaqi|Belopać|Lerthi,42.7244,20.2269,Kosovo,XK,XKS,Pejë,Peje,XK-24,municipality,,177.3,,,4,Europe/Belgrade,FALSE,1901726443
Maljok-Mahala,Maljok-Mahala,,42.4028,21.2164,Kosovo,XK,XKS,Ferizaj,Ferizaj,XK-03,municipality,,387.4,,,3,Europe/Belgrade,FALSE,1901828216
Kushavec,Kushavec,Kushova|Kušavac|Kuševac,42.3417,20.4747,Kosovo,XK,XKS,Gjakovë,Gjakove,XK-05,municipality,,190.8,,,4,Europe/Belgrade,FALSE,1901206055
Orize,Orize,Orizë|Oriza|Meja-Orize|Orize,42.3897,20.3867,Kosovo,XK,XKS,Gjakovë,Gjakove,XK-05,municipality,,190.8,,,4,Europe/Belgrade,FALSE,1901256777
Henc,Henc,Ence|Henci,42.5901,21.0473,Kosovo,XK,XKS,Fushë Kosovë,Fushe Kosove,XK-04,municipality,,696.3,,,3,Europe/Belgrade,FALSE,1901187643
Džami-Mahala,Dzami-Mahala,Hodže,42.3428,21.2375,Kosovo,XK,XKS,Ferizaj,Ferizaj,XK-03,municipality,,387.4,,,3,Europe/Belgrade,FALSE,1901472033
Gornji Muhadžiri,Gornji Muhadziri,,42.4339,21.5011,Kosovo,XK,XKS,Gjilan,Gjilan,XK-06,municipality,,254.5,,,3,Europe/Belgrade,FALSE,1901960658
Ticë,Tice,Tice|Tica,42.6700,20.7442,Kosovo,XK,XKS,Skenderaj,Skenderaj,XK-32,municipality,,151.8,,,4,Europe/Belgrade,FALSE,1901068644
Dobërdol,Doberdol,Dobri Do,42.6025,20.3819,Kosovo,XK,XKS,Pejë,Peje,XK-24,municipality,,177.3,,,4,Europe/Belgrade,FALSE,1901046534
Segza Mahala,Segza Mahala,Mahalla Segëz,42.7878,21.0989,Kosovo,XK,XKS,Obiliq,Obiliq,XK-22,municipality,,248.3,,,3,Europe/Belgrade,FALSE,1901948344
Kamenica,Kamenica,Temal|Temali,42.7167,20.5375,Kosovo,XK,XKS,Istog,Istog,XK-10,municipality,,103.2,,,4,Europe/Belgrade,FALSE,1901314292
Kamenica,Kamenica,,42.2642,21.2164,Kosovo,XK,XKS,Kaçanik,Kacanik,XK-12,municipality,,164.5,,,4,Europe/Belgrade,FALSE,1901668978
Seljance,Seljance,,42.8334,21.0560,Kosovo,XK,XKS,Vushtrri,Vushtrri,XK-35,municipality,,235.1,,,3,Europe/Belgrade,FALSE,1901117349
Mahala Drma,Mahala Drma,,42.6594,21.5150,Kosovo,XK,XKS,Kamenicë,Kamenice,XK-13,municipality,,76.3,,,4,Europe/Belgrade,FALSE,1901383465
Moçar,Mocar,Moçari|Močare,42.5739,21.5939,Kosovo,XK,XKS,Kamenicë,Kamenice,XK-13,municipality,,76.3,,,4,Europe/Belgrade,FALSE,1901281982
Hazerska Mahala,Hazerska Mahala,,42.3711,21.5592,Kosovo,XK,XKS,Gjilan,Gjilan,XK-06,municipality,,251.5,,,3,Europe/Belgrade,FALSE,1901223010
Bërnicë e Poshtëme,Bernice e Poshteme,Donja Brnjica|Bërnicë e Poshtme|Bërnicë i Poshtme,42.7047,21.1390,Kosovo,XK,XKS,Prishtinë,Prishtine,XK-26,municipality,,497.5,,,3,Europe/Belgrade,FALSE,1901960960
Jahoc,Jahoc,Jaco|Jahoc,42.3903,20.3944,Kosovo,XK,XKS,Gjakovë,Gjakove,XK-05,municipality,,190.8,,,4,Europe/Belgrade,FALSE,1901429175
Donji Zakut,Donji Zakut,Gegaj i Poshtëm|Zakuti|Zakut i Poshtëm|Zakut,42.9761,21.1522,Kosovo,XK,XKS,Podujevë,Podujeve,XK-25,municipality,,144.3,,,4,Europe/Belgrade,FALSE,1901495122
Nišno Kolo,Nisno Kolo,Nišino Kolo|Mahala Nišino Kolo,42.6442,21.4442,Kosovo,XK,XKS,Prishtinë,Prishtine,XK-26,municipality,,497.5,,,3,Europe/Belgrade,FALSE,1901428710
Veriq,Veriq,Vërri|Vërrini|Veriqi|Tuçep|Verić,42.7508,20.5517,Kosovo,XK,XKS,Istog,Istog,XK-10,municipality,,103.2,,,4,Europe/Belgrade,FALSE,1901870313
Donje Ličane,Donje Licane,Liqane e Poshtëme,42.9342,21.2138,Kosovo,XK,XKS,Podujevë,Podujeve,XK-25,municipality,,144.3,,,4,Europe/Belgrade,FALSE,1901945769
Metići,Metici,Belopolje,42.7789,20.5781,Kosovo,XK,XKS,Istog,Istog,XK-10,municipality,,103.2,,,4,Europe/Belgrade,FALSE,1901065094
Kraljane,Kraljane,Krelan|Krelani|Kralani|Kraljan|Kraleni|Kralanë|Kralan,42.5233,20.5133,Kosovo,XK,XKS,Gjakovë,Gjakove,XK-05,municipality,,190.8,,,4,Europe/Belgrade,FALSE,1901383656
Segaš,Segas,Segasht,42.9139,21.0781,Kosovo,XK,XKS,Podujevë,Podujeve,XK-25,municipality,,144.3,,,4,Europe/Belgrade,FALSE,1901218139
Videjë,Videje,Vide|Videja|Vidanje,42.6239,20.5489,Kosovo,XK,XKS,Klinë,Kline,XK-14,municipality,,155.8,,,4,Europe/Belgrade,FALSE,1901018002
Ramović Mahala,Ramovic Mahala,Mahalla e Rames,42.8003,21.0737,Kosovo,XK,XKS,Vushtrri,Vushtrri,XK-35,municipality,,235.1,,,3,Europe/Belgrade,FALSE,1901894023
Bregovinska Mahala,Bregovinska Mahala,,42.7623,21.0425,Kosovo,XK,XKS,Vushtrri,Vushtrri,XK-35,municipality,,235.1,,,3,Europe/Belgrade,FALSE,1901565135
Musović Mahala,Musovic Mahala,,42.9669,21.0272,Kosovo,XK,XKS,Mitrovicë e Jugut,Mitrovice e Jugut,XK-38,municipality,,285.4,,,3,Europe/Belgrade,FALSE,1901514677
Stanilovac,Stanilovac,Mahala Stanilovac,42.6211,21.5731,Kosovo,XK,XKS,Kamenicë,Kamenice,XK-13,municipality,,76.3,,,4,Europe/Belgrade,FALSE,1901163440
Shtyllat,Shtyllat,,43.1394,20.8634,Kosovo,XK,XKS,Leposaviq,Leposaviq,XK-16,municipality,,23.6,,,4,Europe/Belgrade,FALSE,1901999799
Ljugit,Ljugit,Mahala Ljugit,42.5403,20.8922,Kosovo,XK,XKS,Gllogovc,Gllogovc,XK-07,municipality,,255.4,,,3,Europe/Belgrade,FALSE,1901042882
Kalludër e Vogël,Kalluder e Vogel,Mala Kaludra,42.8886,20.6378,Kosovo,XK,XKS,Zubin Potok,Zubin Potok,XK-36,municipality,,19.2,,,4,Europe/Belgrade,FALSE,1901278491
Lugići,Lugici,,42.7764,20.6400,Kosovo,XK,XKS,Skenderaj,Skenderaj,XK-32,municipality,,104.3,,,4,Europe/Belgrade,FALSE,1901205290
Stubëll,Stubell,Stubllë|Stublla|Stubell|Stubla,42.4150,20.2922,Kosovo,XK,XKS,Gjakovë,Gjakove,XK-05,municipality,,190.8,,,4,Europe/Belgrade,FALSE,1901611448
Brestovik,Brestovik,Brestoviku|Gurina|Brestovik,42.7011,20.3036,Kosovo,XK,XKS,Pejë,Peje,XK-24,municipality,,177.3,,,4,Europe/Belgrade,FALSE,1901987279
Ballaban,Ballaban,Ballabani|Balabane|Balaban,42.7922,21.3219,Kosovo,XK,XKS,Prishtinë,Prishtine,XK-26,municipality,,497.5,,,3,Europe/Belgrade,FALSE,1901212039
Gradiš,Gradis,,42.3519,20.5294,Kosovo,XK,XKS,Gjakovë,Gjakove,XK-05,municipality,,197.1,,,4,Europe/Belgrade,FALSE,1901788478
Vragodol,Vragodol,,42.7292,20.6742,Kosovo,XK,XKS,Skenderaj,Skenderaj,XK-32,municipality,,151.8,,,4,Europe/Belgrade,FALSE,1901134629
Llovac,Llovac,Lofcë|Llovc|Lovac,42.9622,20.7636,Kosovo,XK,XKS,Zveçan,Zvecan,XK-37,municipality,,56.6,,,4,Europe/Belgrade,FALSE,1901210520
Tërn,Tern,Tërrn|Tërna|Trn,42.4428,21.1294,Kosovo,XK,XKS,Ferizaj,Ferizaj,XK-03,municipality,,387.4,,,3,Europe/Belgrade,FALSE,1901462811
Brzance,Brzance,Bërzancë|Breznicë,43.0586,20.9386,Kosovo,XK,XKS,Leposaviq,Leposaviq,XK-16,municipality,,23.6,,,4,Europe/Belgrade,FALSE,1901380692
Bramatok,Bramatok,,42.4747,20.3075,Kosovo,XK,XKS,Junik,Junik,XK-11,municipality,,92.7,,,4,Europe/Belgrade,FALSE,1901077913
Gornje Godance,Gornje Godance,Godanc i Epërm|Godanci i Epërm|Godonc i Epërm|Godonci i Epërm|Godan i Epërm,42.4678,21.0364,Kosovo,XK,XKS,Shtime,Shtime,XK-31,municipality,,231.8,,,3,Europe/Belgrade,FALSE,1901602036
Duraj,Duraj,,42.2331,20.6189,Kosovo,XK,XKS,Prizren,Prizren,XK-27,municipality,,349.6,,,3,Europe/Belgrade,FALSE,1901145920
Darlišta,Darlista,,42.2242,21.3278,Kosovo,XK,XKS,Kaçanik,Kacanik,XK-12,municipality,,164.5,,,4,Europe/Belgrade,FALSE,1901671711
Bajralije,Bajralije,,42.6800,21.7528,Kosovo,XK,XKS,Kamenicë,Kamenice,XK-13,municipality,,76.3,,,4,Europe/Belgrade,FALSE,1901496092
Gecaj Mahala,Gecaj Mahala,,42.7292,20.7703,Kosovo,XK,XKS,Skenderaj,Skenderaj,XK-32,municipality,,151.8,,,4,Europe/Belgrade,FALSE,1901753312
Derviš Mahala,Dervis Mahala,,42.8615,21.3197,Kosovo,XK,XKS,Podujevë,Podujeve,XK-25,municipality,,144.3,,,4,Europe/Belgrade,FALSE,1901856823
Muniš Mahala,Munis Mahala,,42.5086,20.8525,Kosovo,XK,XKS,Malishevë,Malisheve,XK-18,municipality,,230.0,,,3,Europe/Belgrade,FALSE,1901182097
Reçicë,Recice,Demahmet|Demahmeti|Rečica|Reqica,43.0980,21.0866,Kosovo,XK,XKS,Podujevë,Podujeve,XK-25,municipality,,144.3,,,4,Europe/Belgrade,FALSE,1901769244
Seocë,Seoce,Seoce|Scocë|Seoc|Seoca,43.0256,20.7981,Kosovo,XK,XKS,Leposaviq,Leposaviq,XK-16,municipality,,23.6,,,4,Europe/Belgrade,FALSE,1901904919
Alil-Mahala,Alil-Mahala,,42.1908,21.2139,Kosovo,XK,XKS,Kaçanik,Kacanik,XK-12,municipality,,164.5,,,4,Europe/Belgrade,FALSE,1901752631
Topojane,Topojane,Topojan,42.3200,21.1808,Kosovo,XK,XKS,Ferizaj,Ferizaj,XK-03,municipality,,387.4,,,3,Europe/Belgrade,FALSE,1901870375
Pemishtë,Pemishte,Padalishtë|Padalište,42.7875,20.6503,Kosovo,XK,XKS,Skenderaj,Skenderaj,XK-32,municipality,,151.8,,,4,Europe/Belgrade,FALSE,1901731330
Kllobukar,Kllobukar,Klobukar,42.5794,21.4722,Kosovo,XK,XKS,Novobërdë,Novoberde,XK-21,municipality,,40.9,,,4,Europe/Belgrade,FALSE,1901402680
Staro Rujce,Staro Rujce,Starorujicë|Rufc i Vjetër|Rujcë,42.5317,21.0853,Kosovo,XK,XKS,Lipjan,Lipjan,XK-17,municipality,,179.8,,,4,Europe/Belgrade,FALSE,1901556830
Dubokë,Duboke,Duboka,43.0761,20.6781,Kosovo,XK,XKS,Leposaviq,Leposaviq,XK-16,municipality,,16.5,,,4,Europe/Belgrade,FALSE,1901256902
Elezaj,Elezaj,Eljeza|Elez|Eleza,42.2828,21.1836,Kosovo,XK,XKS,Kaçanik,Kacanik,XK-12,municipality,,164.5,,,4,Europe/Belgrade,FALSE,1901327692
Smolicë,Smolice,Smoljica|Smonici|Smonica,42.3978,20.3125,Kosovo,XK,XKS,Gjakovë,Gjakove,XK-05,municipality,,190.8,,,4,Europe/Belgrade,FALSE,1901347315
Lagjia Vërletnicë,Lagjia Verletnice,Vrletnica,43.0751,20.7532,Kosovo,XK,XKS,Leposaviq,Leposaviq,XK-16,municipality,,23.6,,,4,Europe/Belgrade,FALSE,1901399459
Strezoc,Strezoc,Strezovc|Gurabardh|Gurabardhi|Strezofci|Strezov|Strezovce,42.6475,21.5042,Kosovo,XK,XKS,Kamenicë,Kamenice,XK-13,municipality,,76.3,,,4,Europe/Belgrade,FALSE,1901643351
Isljamovići,Isljamovici,,42.8294,21.1087,Kosovo,XK,XKS,Vushtrri,Vushtrri,XK-35,municipality,,144.3,,,4,Europe/Belgrade,FALSE,1901000738
Veseljović,Veseljovic,,42.4736,20.7383,Kosovo,XK,XKS,Malishevë,Malisheve,XK-18,municipality,,230.0,,,3,Europe/Belgrade,FALSE,1901829516
Isljamovići,Isljamovici,Isić,43.0144,20.9586,Kosovo,XK,XKS,Mitrovicë e Jugut,Mitrovice e Jugut,XK-38,municipality,,285.4,,,3,Europe/Belgrade,FALSE,1901930764
Dobratin,Dobratin,Dobrotin|Dobrotini|Dobrotin,42.5300,21.1836,Kosovo,XK,XKS,Graçanicë,Gracanice,XK-08,municipality,,134.0,,,4,Europe/Belgrade,FALSE,1901824096
Gjanovë,Gjanove,Danovići|Danović|Gjanovi,43.0194,20.7736,Kosovo,XK,XKS,Zveçan,Zvecan,XK-37,municipality,,47.5,,,4,Europe/Belgrade,FALSE,1901800656
Dramnjak,Dramnjak,Dramjakë|Dremjak|Dramjak|Dromnjak,42.3856,21.0722,Kosovo,XK,XKS,Ferizaj,Ferizaj,XK-03,municipality,,365.3,,,3,Europe/Belgrade,FALSE,1901919682
Batllavë,Batllave,Batllava|Batlava,42.8211,21.3078,Kosovo,XK,XKS,Podujevë,Podujeve,XK-25,municipality,,144.3,,,4,Europe/Belgrade,FALSE,1901646785
Gllogjan,Gllogjan,Glogjan|Glaçani|Glođani|Glađane|Gllogjani|Glodjane|Fortesa|Glođane,42.5072,20.3628,Kosovo,XK,XKS,Deçan,Decan,XK-01,municipality,,142.9,,,4,Europe/Belgrade,FALSE,1901139156
Devajë,Devaje,Devaja,42.3989,21.4008,Kosovo,XK,XKS,Viti,Viti,XK-34,municipality,,172.0,,,4,Europe/Belgrade,FALSE,1901092390
Neprebište,Neprebiste,Neprebishtë|Neprebishte|Nepërbisht|Nepërbishtë,42.3417,20.7389,Kosovo,XK,XKS,Suharekë,Suhareke,XK-33,municipality,,205.7,,,3,Europe/Belgrade,FALSE,1901590392
Mavriq,Mavriq,Mavrić,42.7941,20.9956,Kosovo,XK,XKS,Vushtrri,Vushtrri,XK-35,municipality,,235.1,,,3,Europe/Belgrade,FALSE,1901873492
Donji Drsnik,Donji Drsnik,,42.6136,20.5989,Kosovo,XK,XKS,Klinë,Kline,XK-14,municipality,,155.8,,,4,Europe/Belgrade,FALSE,1901079561
Burrnik,Burrnik,Burnik,42.3022,21.1081,Kosovo,XK,XKS,Ferizaj,Ferizaj,XK-03,municipality,,387.4,,,3,Europe/Belgrade,FALSE,1901468738
Popoc,Popoc,Popovc|Popovac,42.3914,20.2969,Kosovo,XK,XKS,Gjakovë,Gjakove,XK-05,municipality,,190.8,,,4,Europe/Belgrade,FALSE,1901241893
Moisilovë,Moisilove,Moisilova,42.9777,20.6359,Kosovo,XK,XKS,Zubin Potok,Zubin Potok,XK-36,municipality,,19.2,,,4,Europe/Belgrade,FALSE,1901999813
Borić,Boric,Bari,42.5831,20.3339,Kosovo,XK,XKS,Deçan,Decan,XK-01,municipality,,143.0,,,4,Europe/Belgrade,FALSE,1901525589
Blac Mahala,Blac Mahala,,42.8102,21.2754,Kosovo,XK,XKS,Podujevë,Podujeve,XK-25,municipality,,144.3,,,4,Europe/Belgrade,FALSE,1901339990
Lubizhdë,Lubizhde,Lubizhe|Lubizhë|Lumishtë|Lubizhdo|Ljubizde|Ljubižda,42.5053,20.7000,Kosovo,XK,XKS,Malishevë,Malisheve,XK-18,municipality,,230.0,,,3,Europe/Belgrade,FALSE,1901297669
Stantërg,Stanterg,Staritërg|Stantërg Fshati|Stari Trg,42.9369,20.9206,Kosovo,XK,XKS,Mitrovicë e Jugut,Mitrovice e Jugut,XK-38,municipality,,285.4,,,3,Europe/Belgrade,FALSE,1901729837
Nosalje,Nosalje,Nasalë|Nosalë,42.3853,21.4461,Kosovo,XK,XKS,Gjilan,Gjilan,XK-06,municipality,,109.0,,,4,Europe/Belgrade,FALSE,1901432020
Tuš Mahala,Tus Mahala,,42.2667,21.2031,Kosovo,XK,XKS,Kaçanik,Kacanik,XK-12,municipality,,164.5,,,4,Europe/Belgrade,FALSE,1901668897
Alagina Reka,Alagina Reka,Rekë e Allagës|Reka e Aliagës|Rekë e Aliagës|Reka Allage|Allaga,42.7283,20.1594,Kosovo,XK,XKS,Pejë,Peje,XK-24,municipality,,177.3,,,4,Europe/Belgrade,FALSE,1901087114
Gurit-Mahala,Gurit-Mahala,,42.2475,20.8433,Kosovo,XK,XKS,Prizren,Prizren,XK-27,municipality,,349.6,,,3,Europe/Belgrade,FALSE,1901237384
Aručević,Arucevic,,42.6386,20.7178,Kosovo,XK,XKS,Skenderaj,Skenderaj,XK-32,municipality,,151.8,,,4,Europe/Belgrade,FALSE,1901142558
Peran,Peran,Lkenasi|Perani|Lkenas|Perane,42.9287,21.1652,Kosovo,XK,XKS,Podujevë,Podujeve,XK-25,municipality,,144.3,,,4,Europe/Belgrade,FALSE,1901706514
Poljce,Poljce,Poljci,42.6183,20.5614,Kosovo,XK,XKS,Klinë,Kline,XK-14,municipality,,155.8,,,4,Europe/Belgrade,FALSE,1901975283
Kukić Mahala,Kukic Mahala,,42.6472,20.8228,Kosovo,XK,XKS,Gllogovc,Gllogovc,XK-07,municipality,,255.4,,,3,Europe/Belgrade,FALSE,1901167469
Rizani,Rizani,,42.4875,20.9472,Kosovo,XK,XKS,Lipjan,Lipjan,XK-17,municipality,,208.2,,,3,Europe/Belgrade,FALSE,1901501544
Veliki Štupelj,Veliki Stupelj,Shtupeqi i Madh|Shtupeq i Madh|Shtupeli i Madh|Štupelj Veliki|Shtuqepi i Madh|Shtuqep i Madh,42.7006,20.1719,Kosovo,XK,XKS,Pejë,Peje,XK-24,municipality,,177.3,,,4,Europe/Belgrade,FALSE,1901267420
Poliçkë,Policke,Bunjak|Bunjaku|Polička,42.6503,21.6831,Kosovo,XK,XKS,Kamenicë,Kamenice,XK-13,municipality,,76.3,,,4,Europe/Belgrade,FALSE,1901902774
Plemetin,Plemetin,Plemetina,42.7073,21.0471,Kosovo,XK,XKS,Obiliq,Obiliq,XK-22,municipality,,248.8,,,3,Europe/Belgrade,FALSE,1901923197
Voković Mahala,Vokovic Mahala,,42.4089,20.9775,Kosovo,XK,XKS,Shtime,Shtime,XK-31,municipality,,248.3,,,3,Europe/Belgrade,FALSE,1901205492
Lagjia e Epërme,Lagjia e Eperme,,43.0247,20.8593,Kosovo,XK,XKS,Leposaviq,Leposaviq,XK-16,municipality,,23.6,,,4,Europe/Belgrade,FALSE,1901999810
Mahala Laze,Mahala Laze,,42.7089,20.1681,Kosovo,XK,XKS,Pejë,Peje,XK-24,municipality,,177.3,,,4,Europe/Belgrade,FALSE,1901794819
Vranoc i Vogël,Vranoc i Vogel,Vrandoci i Vogël|Vranoci i Vogël|Mali Vranovac,42.5569,20.4156,Kosovo,XK,XKS,Deçan,Decan,XK-01,municipality,,163.1,,,4,Europe/Belgrade,FALSE,1901032220
Duboc,Duboc,Dubovc|Dubovce|Dubovac,42.7656,20.8950,Kosovo,XK,XKS,Vushtrri,Vushtrri,XK-35,municipality,,235.1,,,3,Europe/Belgrade,FALSE,1901636684
Miradi e Poshtme,Miradi e Poshtme,Miradie e Poshtëme|Dobreva i Ultë|Dobreva e Ulët|Donje Dobrevo,42.6056,21.0694,Kosovo,XK,XKS,Fushë Kosovë,Fushe Kosove,XK-04,municipality,,696.3,,,3,Europe/Belgrade,FALSE,1901058707
Donja Mahala,Donja Mahala,,42.7086,20.4811,Kosovo,XK,XKS,Istog,Istog,XK-10,municipality,,103.2,,,4,Europe/Belgrade,FALSE,1901362525
Donja Mahala,Donja Mahala,,42.6703,21.7486,Kosovo,XK,XKS,Kamenicë,Kamenice,XK-13,municipality,,76.3,,,4,Europe/Belgrade,FALSE,1901514813
Smaç,Smac,Smaq|Smaçë|Smač|Smać,42.3011,20.7225,Kosovo,XK,XKS,Prizren,Prizren,XK-27,municipality,,534.2,,,3,Europe/Belgrade,FALSE,1901363797
Suljić Mahala,Suljic Mahala,Honrovci,42.6414,21.3225,Kosovo,XK,XKS,Prishtinë,Prishtine,XK-26,municipality,,497.5,,,3,Europe/Belgrade,FALSE,1901456244
Belenica,Belenica,,42.5287,21.3208,Kosovo,XK,XKS,Gjilan,Gjilan,XK-06,municipality,,254.5,,,3,Europe/Belgrade,FALSE,1901022787
Shtitaricë,Shtitarice,Shataricë|Shtitatricë|Štitarica,42.8261,20.9319,Kosovo,XK,XKS,Vushtrri,Vushtrri,XK-35,municipality,,235.1,,,3,Europe/Belgrade,FALSE,1901963643
Trbuhovac,Trbuhovac,Trubuhoc|Tërbuhovc|Buzëdrin|Buzëdrini|Terbuhoc|Turbuhovci,42.6908,20.4658,Kosovo,XK,XKS,Istog,Istog,XK-10,municipality,,103.2,,,4,Europe/Belgrade,FALSE,1901561179
Sfaraçak i Epërm,Sfaracak i Eperm,Gornji Svračak,42.8203,21.0183,Kosovo,XK,XKS,Vushtrri,Vushtrri,XK-35,municipality,,235.1,,,3,Europe/Belgrade,FALSE,1901956871
Bafti Mahala,Bafti Mahala,,42.2564,21.1956,Kosovo,XK,XKS,Kaçanik,Kacanik,XK-12,municipality,,164.5,,,4,Europe/Belgrade,FALSE,1901056170
Dallashaj,Dallashaj,Dolašaj|Dalašaj,42.4222,20.3417,Kosovo,XK,XKS,Gjakovë,Gjakove,XK-05,municipality,,190.8,,,4,Europe/Belgrade,FALSE,1901395783
Bogoševac,Bogosevac,Bogoševce|Bogosevc,42.1719,20.8786,Kosovo,XK,XKS,Prizren,Prizren,XK-27,municipality,,349.6,,,3,Europe/Belgrade,FALSE,1901269976
Potok,Potok,Potoku|Lamaj|Potok,43.0569,21.1244,Kosovo,XK,XKS,Podujevë,Podujeve,XK-25,municipality,,144.3,,,4,Europe/Belgrade,FALSE,1901110226
Potok,Potok,,42.4661,20.5997,Kosovo,XK,XKS,Rahovec,Rahovec,XK-28,municipality,,248.0,,,3,Europe/Belgrade,FALSE,1901739858
Bužalja,Buzalja,Bužan,42.3394,20.9242,Kosovo,XK,XKS,Suharekë,Suhareke,XK-33,municipality,,205.7,,,3,Europe/Belgrade,FALSE,1901744231
Tërrnav,Terrnav,Tërrnavë|Tërnay|Tërrnava|Shpati|Tërnavë|Trnava|Shpat,42.8017,21.2011,Kosovo,XK,XKS,Podujevë,Podujeve,XK-25,municipality,,144.3,,,4,Europe/Belgrade,FALSE,1901886765
Klinë e Poshtme,Kline e Poshtme,Klina e Ultë|Klina e Poshtëme|Donja Klina,42.7608,20.7903,Kosovo,XK,XKS,Skenderaj,Skenderaj,XK-32,municipality,,151.8,,,4,Europe/Belgrade,FALSE,1901877792
Dubočak,Dubocak,Duboçak|Dubaçok|Duboçaku|Bungaja,42.5953,20.3547,Kosovo,XK,XKS,Pejë,Peje,XK-24,municipality,,177.3,,,4,Europe/Belgrade,FALSE,1901025171
Gul,Gul,Guli|Gulije,43.1486,20.7206,Kosovo,XK,XKS,Leposaviq,Leposaviq,XK-16,municipality,,23.6,,,4,Europe/Belgrade,FALSE,1901819972
Cërven,Cerven,Cërvenik|Crveni,43.0453,20.7281,Kosovo,XK,XKS,Leposaviq,Leposaviq,XK-16,municipality,,23.6,,,4,Europe/Belgrade,FALSE,1901524189
Pepiq,Pepiq,Pepić|Pepiqi|Pepaj|Pepajt|Pepići|Pepiće,42.7242,20.1275,Kosovo,XK,XKS,Pejë,Peje,XK-24,municipality,,177.3,,,4,Europe/Belgrade,FALSE,1901989882
Lagjia Zllatar,Lagjia Zllatar,,43.0100,20.6173,Kosovo,XK,XKS,Zubin Potok,Zubin Potok,XK-36,municipality,,6.2,,,5,Europe/Belgrade,FALSE,1901999764
Mukata,Mukata,Mukate,42.6156,21.3150,Kosovo,XK,XKS,Prishtinë,Prishtine,XK-26,municipality,,497.5,,,3,Europe/Belgrade,FALSE,1901707133
Amatević Mahala,Amatevic Mahala,,42.6780,21.2875,Kosovo,XK,XKS,Prishtinë,Prishtine,XK-26,municipality,,497.5,,,3,Europe/Belgrade,FALSE,1901810803
Donje Nabrđe,Donje Nabrde,,42.6661,20.4011,Kosovo,XK,XKS,Pejë,Peje,XK-24,municipality,,177.3,,,4,Europe/Belgrade,FALSE,1901787634
Žar Mahala,Zar Mahala,,42.8087,21.2924,Kosovo,XK,XKS,Podujevë,Podujeve,XK-25,municipality,,144.3,,,4,Europe/Belgrade,FALSE,1901552989
Ðolovina,Dolovina,,42.8237,21.3415,Kosovo,XK,XKS,Podujevë,Podujeve,XK-25,municipality,,144.3,,,4,Europe/Belgrade,FALSE,1901634795
Tërpezë,Terpeze,Tërpezë e Madhe|Trpeze|Trpeza,42.3975,21.3428,Kosovo,XK,XKS,Viti,Viti,XK-34,municipality,,177.0,,,4,Europe/Belgrade,FALSE,1901650244
Brut,Brut,Brrut|Brut,42.1294,20.7003,Kosovo,XK,XKS,Dragash,Dragash,XK-02,municipality,,75.2,,,4,Europe/Belgrade,FALSE,1901986093
Lipovec,Lipovec,Blinishtë|Lipovc|Lipovac,42.3108,20.4775,Kosovo,XK,XKS,Gjakovë,Gjakove,XK-05,municipality,,190.8,,,4,Europe/Belgrade,FALSE,1901227484
Badoc,Badoc,Badofc|Badovc|Badovac,42.6097,21.2225,Kosovo,XK,XKS,Graçanicë,Gracanice,XK-08,municipality,,134.0,,,4,Europe/Belgrade,FALSE,1901246844
Mustafaj,Mustafaj,Mustafići,42.6414,20.6467,Kosovo,XK,XKS,Klinë,Kline,XK-14,municipality,,155.8,,,4,Europe/Belgrade,FALSE,1901911588
Cak Mahala,Cak Mahala,,42.7682,21.0329,Kosovo,XK,XKS,Vushtrri,Vushtrri,XK-35,municipality,,235.1,,,3,Europe/Belgrade,FALSE,1901888839
Fuša Mahala,Fusa Mahala,,42.6867,20.8511,Kosovo,XK,XKS,Gllogovc,Gllogovc,XK-07,municipality,,255.4,,,3,Europe/Belgrade,FALSE,1901999757
Fuša Mahala,Fusa Mahala,,42.3289,21.5000,Kosovo,XK,XKS,Gjilan,Gjilan,XK-06,municipality,,254.5,,,3,Europe/Belgrade,FALSE,1901888102
Srpka,Srpka,,42.4839,21.3025,Kosovo,XK,XKS,Lipjan,Lipjan,XK-17,municipality,,212.6,,,3,Europe/Belgrade,FALSE,1901159026
Gornji Muhadžeri,Gornji Muhadzeri,,42.4444,21.4375,Kosovo,XK,XKS,Gjilan,Gjilan,XK-06,municipality,,254.5,,,3,Europe/Belgrade,FALSE,1901812817
Jançishtë,Jancishte,Janqishtë|Jančište,42.4297,20.7308,Kosovo,XK,XKS,Malishevë,Malisheve,XK-18,municipality,,230.0,,,3,Europe/Belgrade,FALSE,1901198663
Opraške,Opraske,Oprashka,42.6919,20.5417,Kosovo,XK,XKS,Istog,Istog,XK-10,municipality,,103.2,,,4,Europe/Belgrade,FALSE,1901277434
Kramovik,Kramovik,Kramavik|Hramovik|Kramovik,42.4819,20.5228,Kosovo,XK,XKS,Rahovec,Rahovec,XK-28,municipality,,247.5,,,3,Europe/Belgrade,FALSE,1901257813
Trudë,Trude,Trudna,42.7310,21.1475,Kosovo,XK,XKS,Prishtinë,Prishtine,XK-26,municipality,,497.5,,,3,Europe/Belgrade,FALSE,1901327001
Bardići,Bardici,,42.6958,20.9506,Kosovo,XK,XKS,Gllogovc,Gllogovc,XK-07,municipality,,255.4,,,3,Europe/Belgrade,FALSE,1901848873
Metović Mahala,Metovic Mahala,Mahala Metović,42.6853,21.3744,Kosovo,XK,XKS,Prishtinë,Prishtine,XK-26,municipality,,497.5,,,3,Europe/Belgrade,FALSE,1901520011
Sadikaj,Sadikaj,,42.4531,20.8656,Kosovo,XK,XKS,Malishevë,Malisheve,XK-18,municipality,,230.0,,,3,Europe/Belgrade,FALSE,1901515247
Gornji Petrič,Gornji Petric,Petriq i Epërm|Pjetërq i Epërm|Poterçi|Potriq i Sipërm|Pjetriq|Gornji Peterč|Gornji Poterč,42.6094,20.4861,Kosovo,XK,XKS,Klinë,Kline,XK-14,municipality,,155.9,,,4,Europe/Belgrade,FALSE,1901394199
Izvor,Izvor,Izvori|Izvor,42.6053,21.3752,Kosovo,XK,XKS,Novobërdë,Novoberde,XK-21,municipality,,40.9,,,4,Europe/Belgrade,FALSE,1901459991
Miganoc,Miganoc,Miganovc|Miganofci|Miganoci|Miganovce,42.5875,21.5322,Kosovo,XK,XKS,Kamenicë,Kamenice,XK-13,municipality,,41.4,,,4,Europe/Belgrade,FALSE,1901698534
Carralevë,Carraleve,Caralevë|Cëralevë|Caratevë|Crnoljevo,42.4525,20.9681,Kosovo,XK,XKS,Shtime,Shtime,XK-31,municipality,,248.3,,,3,Europe/Belgrade,FALSE,1901222056
Duškaje,Duskaje,,42.6908,20.2756,Kosovo,XK,XKS,Pejë,Peje,XK-24,municipality,,177.3,,,4,Europe/Belgrade,FALSE,1901473436
Stërnac i Epërm,Sternac i Eperm,Stramci i Epërm|Sternac i Epërm|Gornji Strmac,42.8742,20.7236,Kosovo,XK,XKS,Zubin Potok,Zubin Potok,XK-36,municipality,,19.2,,,4,Europe/Belgrade,FALSE,1901904397
Lutovo,Lutovo,Llutovë|Llutova|Lutan|Ujmira,42.7303,20.1331,Kosovo,XK,XKS,Pejë,Peje,XK-24,municipality,,177.3,,,4,Europe/Belgrade,FALSE,1901409620
Sllatinë e Madhe,Sllatine e Madhe,Sllatina e Madhe|Velika Slatina|Albana e Madhe|Slatina|Velika Sletina,42.6038,21.0204,Kosovo,XK,XKS,Fushë Kosovë,Fushe Kosove,XK-04,municipality,,696.3,,,3,Europe/Belgrade,FALSE,1901854874
Rušta Mahala,Rusta Mahala,Rusta Mahala,42.2814,21.5728,Kosovo,XK,XKS,Gjilan,Gjilan,XK-06,municipality,,254.5,,,3,Europe/Belgrade,FALSE,1901781480
Adam Mala,Adam Mala,,42.1864,21.2781,Kosovo,XK,XKS,Kaçanik,Kacanik,XK-12,municipality,,164.5,,,4,Europe/Belgrade,FALSE,1901208364
Milinci,Milinci,,42.6069,21.3408,Kosovo,XK,XKS,Prishtinë,Prishtine,XK-26,municipality,,497.5,,,3,Europe/Belgrade,FALSE,1901571580
Malić,Malic,,42.4758,20.7714,Kosovo,XK,XKS,Malishevë,Malisheve,XK-18,municipality,,230.0,,,3,Europe/Belgrade,FALSE,1901338665
Lisockë,Lisocke,Lesockë|Lisoca|Lisor|Lisori|Lisocka|Lisacka,42.6628,21.6481,Kosovo,XK,XKS,Kamenicë,Kamenice,XK-13,municipality,,76.3,,,4,Europe/Belgrade,FALSE,1901229400
Kashicë,Kashice,Kashica|Drinasi|Drinas|Kašica,42.7061,20.4044,Kosovo,XK,XKS,Istog,Istog,XK-10,municipality,,103.2,,,4,Europe/Belgrade,FALSE,1901205136
Oshlan,Oshlan,Ashlan|Ošljane,42.8094,20.8733,Kosovo,XK,XKS,Vushtrri,Vushtrri,XK-35,municipality,,235.1,,,3,Europe/Belgrade,FALSE,1901965480
Budžak,Budzak,Budzhak,42.9629,21.1972,Kosovo,XK,XKS,Podujevë,Podujeve,XK-25,municipality,,144.3,,,4,Europe/Belgrade,FALSE,1901418875
Broćanac,Brocanac,,42.5775,21.4278,Kosovo,XK,XKS,Gjilan,Gjilan,XK-06,municipality,,40.9,,,4,Europe/Belgrade,FALSE,1901624795
Ngucat,Ngucat,Gucat|Guncate|Guncat,42.4625,20.8522,Kosovo,XK,XKS,Malishevë,Malisheve,XK-18,municipality,,230.0,,,3,Europe/Belgrade,FALSE,1901655303
Jovanovići,Jovanovici,Jovanoviqi,42.7733,21.0831,Kosovo,XK,XKS,Obiliq,Obiliq,XK-22,municipality,,248.8,,,3,Europe/Belgrade,FALSE,1901911480
Idrizi,Idrizi,Mahala Drpljane,42.6550,20.4603,Kosovo,XK,XKS,Pejë,Peje,XK-24,municipality,,177.3,,,4,Europe/Belgrade,FALSE,1901288269
Vataj,Vataj,,42.3472,20.3611,Kosovo,XK,XKS,Gjakovë,Gjakove,XK-05,municipality,,190.8,,,4,Europe/Belgrade,FALSE,1901334221
Teneč,Tenec,Teneć Mahala,42.2617,21.2536,Kosovo,XK,XKS,Kaçanik,Kacanik,XK-12,municipality,,164.5,,,4,Europe/Belgrade,FALSE,1901905463
Muhadžer Babuš,Muhadzer Babus,Babush i Muhaxherëve|Babush i Muhaxherve|Muhaxherbabush|Muhađer Babuš|Babushi i Muhaxherëve,42.4672,21.1836,Kosovo,XK,XKS,Lipjan,Lipjan,XK-17,municipality,,208.2,,,3,Europe/Belgrade,FALSE,1901724871
Celaj,Celaj,,42.5758,20.3125,Kosovo,XK,XKS,Deçan,Decan,XK-01,municipality,,142.9,,,4,Europe/Belgrade,FALSE,1901770509
Novo Rujce,Novo Rujce,Novo Ruici|Novorujicë|Rufc i Ri,42.5239,21.0803,Kosovo,XK,XKS,Lipjan,Lipjan,XK-17,municipality,,208.2,,,3,Europe/Belgrade,FALSE,1901524724
Kršljanci Mali,Krsljanci Mali,Kršljanci Mahala,42.5261,21.6767,Kosovo,XK,XKS,Ranillug,Ranillug,XK-29,municipality,,76.3,,,4,Europe/Belgrade,FALSE,1901244826
Kučuk Mahala,Kucuk Mahala,,42.4161,20.8514,Kosovo,XK,XKS,Suharekë,Suhareke,XK-33,municipality,,205.7,,,3,Europe/Belgrade,FALSE,1901586506
Vrelo Mahala,Vrelo Mahala,,42.3964,20.9233,Kosovo,XK,XKS,Suharekë,Suhareke,XK-33,municipality,,205.7,,,3,Europe/Belgrade,FALSE,1901186645
Hurugljica,Hurugljica,Hurugljicu,42.6717,21.6503,Kosovo,XK,XKS,Kamenicë,Kamenice,XK-13,municipality,,69.8,,,4,Europe/Belgrade,FALSE,1901332834
Kostin Potok,Kostin Potok,Kostin Potok|Kostinpotok,43.1328,20.8133,Kosovo,XK,XKS,Leposaviq,Leposaviq,XK-16,municipality,,23.6,,,4,Europe/Belgrade,FALSE,1901783785
Ivajë,Ivaje,Ivaja,42.1944,21.2328,Kosovo,XK,XKS,Kaçanik,Kacanik,XK-12,municipality,,164.5,,,4,Europe/Belgrade,FALSE,1901433358
Zimonjić,Zimonjic,Zimanic,42.4169,20.4386,Kosovo,XK,XKS,Gjakovë,Gjakove,XK-05,municipality,,190.8,,,4,Europe/Belgrade,FALSE,1901166558
Studenica,Studenica,Studenicë|Sudenicë|Gurras|Gurrasi|Sudenica,42.7678,20.3869,Kosovo,XK,XKS,Istog,Istog,XK-10,municipality,,103.2,,,4,Europe/Belgrade,FALSE,1901811527
Mahala Simolović,Mahala Simolovic,,42.6983,21.3781,Kosovo,XK,XKS,Prishtinë,Prishtine,XK-26,municipality,,497.5,,,3,Europe/Belgrade,FALSE,1901173357
Čuturini,Cuturini,,42.2558,21.0250,Kosovo,XK,XKS,Shtërpcë,Shterpce,XK-30,municipality,,29.1,,,4,Europe/Belgrade,FALSE,1901623661
Trešnjevo,Tresnjevo,,42.5949,21.0098,Kosovo,XK,XKS,Fushë Kosovë,Fushe Kosove,XK-04,municipality,,696.3,,,3,Europe/Belgrade,FALSE,1901922747
Damanek,Damanek,Domanek|Domanek,42.5217,20.6756,Kosovo,XK,XKS,Malishevë,Malisheve,XK-18,municipality,,230.0,,,3,Europe/Belgrade,FALSE,1901469371
Glabari Mahala,Glabari Mahala,,42.7887,21.0791,Kosovo,XK,XKS,Vushtrri,Vushtrri,XK-35,municipality,,240.5,,,3,Europe/Belgrade,FALSE,1901110869
Jusenović Mahala,Jusenovic Mahala,,42.4133,20.9344,Kosovo,XK,XKS,Suharekë,Suhareke,XK-33,municipality,,205.7,,,3,Europe/Belgrade,FALSE,1901051397
Radulovac,Radulovac,Radulloc|Radulovci,42.6478,20.5600,Kosovo,XK,XKS,Klinë,Kline,XK-14,municipality,,155.8,,,4,Europe/Belgrade,FALSE,1901523249
Jashanicë,Jashanice,Jošanica|Ioshanica|Ivanje|Jashanica,43.0758,20.7717,Kosovo,XK,XKS,Leposaviq,Leposaviq,XK-16,municipality,,23.6,,,4,Europe/Belgrade,FALSE,1901807993
Breg-Drim,Breg-Drim,,42.2892,20.6369,Kosovo,XK,XKS,Prizren,Prizren,XK-27,municipality,,349.6,,,3,Europe/Belgrade,FALSE,1901804862
Novi Maraš,Novi Maras,,42.4464,21.1978,Kosovo,XK,XKS,Ferizaj,Ferizaj,XK-03,municipality,,387.4,,,3,Europe/Belgrade,FALSE,1901020757
Divljaka,Divljaka,Divlak|Divlakë|Divljak,42.5072,20.8731,Kosovo,XK,XKS,Lipjan,Lipjan,XK-17,municipality,,209.5,,,3,Europe/Belgrade,FALSE,1901968944
Breg i Madh,Breg i Madh,Vele Brijeg|Bregu i Madh|Velibreg|Velji Brijeg|Velji Breg,42.9317,20.6781,Kosovo,XK,XKS,Zubin Potok,Zubin Potok,XK-36,municipality,,19.2,,,4,Europe/Belgrade,FALSE,1901767460
Begaj,Begaj,Novosellë e Begut|Novosellë Begëve|Novo Selo|Novo-Sello|Begovo|Novo Selo Begovo,42.8331,20.9867,Kosovo,XK,XKS,Vushtrri,Vushtrri,XK-35,municipality,,235.1,,,3,Europe/Belgrade,FALSE,1901658008
Ručevica,Rucevica,Mahala Ručevica,42.6347,21.5222,Kosovo,XK,XKS,Kamenicë,Kamenice,XK-13,municipality,,76.3,,,4,Europe/Belgrade,FALSE,1901039928
Zasellë,Zaselle,Zaselje|Zasela,42.8975,20.9022,Kosovo,XK,XKS,Mitrovicë e Jugut,Mitrovice e Jugut,XK-38,municipality,,285.4,,,3,Europe/Belgrade,FALSE,1901098911
Muzeqinë,Muzeqine,Muzhiçan|Muzhiçani|Mužičane,42.4500,21.0944,Kosovo,XK,XKS,Shtime,Shtime,XK-31,municipality,,248.3,,,3,Europe/Belgrade,FALSE,1901437950
Novo Selo,Novo Selo,Novosellë,42.6400,21.2567,Kosovo,XK,XKS,Prishtinë,Prishtine,XK-26,municipality,,497.5,,,3,Europe/Belgrade,FALSE,1901777366
Gornje Varage,Gornje Varage,Varagë e Epermë|Varragë e Epërme,42.9833,20.5783,Kosovo,XK,XKS,Zubin Potok,Zubin Potok,XK-36,municipality,,19.2,,,4,Europe/Belgrade,FALSE,1901169773
Gllobar,Gllobar,Globarë|Globar|Gllabar|Gllabari|Gllobare|Glabar|Bletar|Bletari|Globare,42.6458,20.8706,Kosovo,XK,XKS,Gllogovc,Gllogovc,XK-07,municipality,,255.4,,,3,Europe/Belgrade,FALSE,1901213489
Jabllanicë,Jabllanice,Jablanica,42.6178,20.4694,Kosovo,XK,XKS,Pejë,Peje,XK-24,municipality,,177.3,,,4,Europe/Belgrade,FALSE,1901535498
Vrapçiq,Vrapciq,Vrapčić,42.4183,21.4092,Kosovo,XK,XKS,Gjilan,Gjilan,XK-06,municipality,,254.5,,,3,Europe/Belgrade,FALSE,1901909317
Jabllanicë,Jabllanice,Jabllanica|Jablanica,42.1708,20.7681,Kosovo,XK,XKS,Prizren,Prizren,XK-27,municipality,,349.6,,,3,Europe/Belgrade,FALSE,1901952401
Krivoc,Krivoc,,42.5883,20.6625,Kosovo,XK,XKS,Klinë,Kline,XK-14,municipality,,155.8,,,4,Europe/Belgrade,FALSE,1901704649
Vrmnica,Vrmnica,Vërmicë|Vërmnicë|Vrmica,42.5436,20.7619,Kosovo,XK,XKS,Malishevë,Malisheve,XK-18,municipality,,230.0,,,3,Europe/Belgrade,FALSE,1901123020
Rodel,Rodel,Rodeli|Rodelj,43.1547,20.8153,Kosovo,XK,XKS,Leposaviq,Leposaviq,XK-16,municipality,,23.6,,,4,Europe/Belgrade,FALSE,1901583776
Lagjia Sharcë,Lagjia Sharce,Šarci|Lagjia Sharc,43.0381,20.8061,Kosovo,XK,XKS,Leposaviq,Leposaviq,XK-16,municipality,,23.6,,,4,Europe/Belgrade,FALSE,1901889001
Smailovića Mahala,Smailovica Mahala,,42.9419,21.1709,Kosovo,XK,XKS,Podujevë,Podujeve,XK-25,municipality,,144.3,,,4,Europe/Belgrade,FALSE,1901230575
Modromir,Modromir,,43.1600,20.8606,Kosovo,XK,XKS,Leposaviq,Leposaviq,XK-16,municipality,,21.3,,,4,Europe/Belgrade,FALSE,1901019825
Karavidaj,Karavidaj,,42.2356,20.6100,Kosovo,XK,XKS,Prizren,Prizren,XK-27,municipality,,349.6,,,3,Europe/Belgrade,FALSE,1901953513
Malopoljce,Malopoljce,Mollopolcë|Mollopolc|Mallopolcë|Mullopolc|Malopoc,42.4011,21.0528,Kosovo,XK,XKS,Shtime,Shtime,XK-31,municipality,,248.3,,,3,Europe/Belgrade,FALSE,1901229650
Trepča,Trepca,Trepčë|Trepčani,42.9378,20.9125,Kosovo,XK,XKS,Mitrovicë e Jugut,Mitrovice e Jugut,XK-38,municipality,,285.4,,,3,Europe/Belgrade,FALSE,1901542836
Prlina,Prlina,,42.6069,20.5753,Kosovo,XK,XKS,Klinë,Kline,XK-14,municipality,,155.8,,,4,Europe/Belgrade,FALSE,1901170585
Kolibađija,Kolibadija,,42.8509,21.1835,Kosovo,XK,XKS,Podujevë,Podujeve,XK-25,municipality,,144.3,,,4,Europe/Belgrade,FALSE,1901823603
Beleg,Beleg,Belegu|Beleg,42.5342,20.3172,Kosovo,XK,XKS,Deçan,Decan,XK-01,municipality,,142.9,,,4,Europe/Belgrade,FALSE,1901813516
Bajraktari,Bajraktari,,42.4189,20.8661,Kosovo,XK,XKS,Suharekë,Suhareke,XK-33,municipality,,205.7,,,3,Europe/Belgrade,FALSE,1901014550
Boževce,Bozevce,Bozhevce,42.8017,20.8244,Kosovo,XK,XKS,Skenderaj,Skenderaj,XK-32,municipality,,151.8,,,4,Europe/Belgrade,FALSE,1901033295
Dolc,Dolc,Dolac|Dolci,43.1770,20.6552,Kosovo,XK,XKS,Leposaviq,Leposaviq,XK-16,municipality,,23.6,,,4,Europe/Belgrade,FALSE,1901953510
Lluzhan,Lluzhan,Llabucë|Lluzhane|Lluzhani|Llabuca|Lužane,42.8219,21.1686,Kosovo,XK,XKS,Podujevë,Podujeve,XK-25,municipality,,144.3,,,4,Europe/Belgrade,FALSE,1901792582
Poljojca,Poljojca,,42.2819,21.0308,Kosovo,XK,XKS,Shtërpcë,Shterpce,XK-30,municipality,,29.1,,,4,Europe/Belgrade,FALSE,1901280992
Vrelo,Vrelo,Mah Vrello|Mahala Vrelo,42.6669,21.4069,Kosovo,XK,XKS,Prishtinë,Prishtine,XK-26,municipality,,497.5,,,3,Europe/Belgrade,FALSE,1901404212
Gušica,Gusica,Lupishtë|Goshicë|Gushica|Gushicë,42.3081,21.3025,Kosovo,XK,XKS,Viti,Viti,XK-34,municipality,,177.0,,,4,Europe/Belgrade,FALSE,1901959023
Radishevë,Radisheve,Radiševo,42.8267,20.6961,Kosovo,XK,XKS,Skenderaj,Skenderaj,XK-32,municipality,,151.8,,,4,Europe/Belgrade,FALSE,1901748127
Savićska Mala,Savicska Mala,,43.1378,20.9100,Kosovo,XK,XKS,Leposaviq,Leposaviq,XK-16,municipality,,23.6,,,4,Europe/Belgrade,FALSE,1901597517
Biti e Poshtme,Biti e Poshtme,Biti e Poshtëme|Bitia e Poshtëme|Donja Bitinja,42.2531,21.0431,Kosovo,XK,XKS,Shtërpcë,Shterpce,XK-30,municipality,,29.1,,,4,Europe/Belgrade,FALSE,1901177326
Lozan Mahala,Lozan Mahala,,42.5919,21.2944,Kosovo,XK,XKS,Lipjan,Lipjan,XK-17,municipality,,208.2,,,3,Europe/Belgrade,FALSE,1901425159
Kravaricë,Kravarice,Kravarica,42.4228,21.3833,Kosovo,XK,XKS,Gjilan,Gjilan,XK-06,municipality,,254.5,,,3,Europe/Belgrade,FALSE,1901298351
Likoc,Likoc,Likovc|Likofc|Likovac,42.6650,20.7706,Kosovo,XK,XKS,Skenderaj,Skenderaj,XK-32,municipality,,151.8,,,4,Europe/Belgrade,FALSE,1901698615